0.01,-0.11252183
0.02,-1.1008778
0.03,-0.56708802
0.04,0.49047253
0.05,0.80023202
0.06,-1.5076736
0.07,-0.297161
0.08,0.44676853
0.09,0.087630577
0.1,-0.83228111
0.11,0.084430128
0.12,-0.007819138
0.13,-1.0743015
0.14,4.0581274
0.15,-0.76160326
0.16,-0.18649962
0.17,0.80393944
0.18,-0.92021269
0.19,2.7446026
0.2,2.4028692
0.21,-1.3622631
0.22,1.9354139
0.23,-1.862747
0.24,-0.99857184
0.25,-0.28834122
0.26,0.53974315
0.27,-1.1812944
0.28,1.5319341
0.29,-3.5278988
0.3,-0.77586665
0.31,-0.03594174
0.32,-1.3132285
0.33,-2.0956639
0.34,-0.65713662
0.35,1.0066612
0.36,0.30348816
0.37,-0.83354058
0.38,-0.869182
0.39,0.1940386
0.4,1.381994
0.41,0.8601815
0.42,-0.50162131
0.43,-0.53334196
0.44,0.85178389
0.45,0.40506333
0.46,-2.3427143
0.47,-0.83081234
0.48,0.88416093
0.49,1.1048512
0.5,-0.69539923
0.51,-1.2277594
0.52,-1.3353913
0.53,-0.57057541
0.54,-0.42019446
0.55,-1.5358419
0.56,-1.0052389
0.57,-0.73224152
0.58,-0.89012079
0.59,-1.167315
0.6,-1.6235661
0.61,-0.36223864
0.62,-0.90458107
0.63,-2.5949047
0.64,-1.3428389
0.65,0.32219993
0.66,1.1074486
0.67,-1.4269827
0.68,0.85885584
0.69,-0.88208927
0.7,-2.219609
0.71,-1.1011346
0.72,-2.0142886
0.73,0.7868802
0.74,1.7537712
0.75,1.0515095
0.76,1.9223602
0.77,1.8471145
0.78,-0.56005725
0.79,0.70399228
0.8,0.16958503
0.81,-1.034307
0.82,-1.667531
0.83,-0.028529653
0.84,2.1043676
0.85,3.2061228
0.86,-2.2435443
0.87,-0.38044502
0.88,-1.1666652
0.89,-0.59622658
0.9,-0.79079161
0.91,-0.13825638
0.92,1.10779
0.93,1.6844966
0.94,-0.80466851
0.95,0.45699917
0.96,-1.3152739
0.97,-0.35313554
0.98,2.0459122
0.99,-1.9842857
1,0.004069623
1.01,0.89008037
1.02,-0.65172542
1.03,-0.29888217
1.04,-0.21657646
1.05,-0.90540551
1.06,-0.11253034
1.07,0.29184859
1.08,-1.0601273
1.09,-1.6398861
1.1,0.008053907
1.11,-1.2940085
1.12,-1.5061581
1.13,-1.9433714
1.14,0.6818035
1.15,-2.6113457
1.16,-0.77607851
1.17,0.48081834
1.18,1.5085774
1.19,-1.3725014
1.2,-2.9748977
1.21,-1.1510212
1.22,1.4232311
1.23,0.17424586
1.24,0.5300435
1.25,0.011899162
1.26,-0.16859601
1.27,0.4066104
1.28,-0.39452983
1.29,0.39572353
1.3,-0.75769293
1.31,2.5641795
1.32,-0.49961665
1.33,-0.96966351
1.34,-1.0528602
1.35,-0.30466237
1.36,-0.72451891
1.37,-0.70163057
1.38,-2.4206185
1.39,0.49946565
1.4,1.3889488
1.41,-1.0044395
1.42,-2.273653
1.43,-1.2338991
1.44,-0.16032856
1.45,-0.75536263
1.46,-1.4068699
1.47,-0.2171903
1.48,1.0928647
1.49,-0.90084791
1.5,-0.091513512
1.51,1.0053415
1.52,-2.2215525
1.53,-1.9097521
1.54,-0.99617901
1.55,0.030878018
1.56,1.2855536
1.57,-0.94521791
1.58,-2.4032782
1.59,-1.6322553
1.6,0.19562851
1.61,0.41500751
1.62,-1.0209472
1.63,-1.5982333
1.64,1.3318459
1.65,-0.99229395
1.66,0.9963011
1.67,-1.1769774
1.68,0.61444142
1.69,0.56765164
1.7,1.5692821
1.71,2.0443367
1.72,0.20983711
1.73,0.36349498
1.74,-1.0759223
1.75,1.5698615
1.76,0.67939822
1.77,-1.3255691
1.78,0.27387082
1.79,-0.39434396
1.8,2.1501399
1.81,-0.49630004
1.82,-1.0452343
1.83,-0.6237449
1.84,-1.9581325
1.85,0.016169842
1.86,0.59208088
1.87,-0.83137794
1.88,-2.1191075
1.89,-1.0904736
1.9,-1.7522274
1.91,0.87997694
1.92,2.7599659
1.93,0.35959659
1.94,-1.461036
1.95,-2.2051776
1.96,-0.54622738
1.97,0.6160258
1.98,-0.46846403
1.99,-1.1840851
2,-0.1360795
2.01,-0.95191833
2.02,-0.61920129
2.03,0.003576731
2.04,0.12105995
2.05,0.20033561
2.06,-3.6941974
2.07,-0.27249062
2.08,0.3973526
2.09,0.72830095
2.1,-0.51316072
2.11,-1.1680216
2.12,-1.2098397
2.13,1.3841956
2.14,-0.15851412
2.15,-1.3916096
2.16,-1.0198749
2.17,0.68521175
2.18,-1.3025372
2.19,-1.1511232
2.2,-2.8587072
2.21,0.20276603
2.22,-1.9304468
2.23,0.070826631
2.24,-2.3570923
2.25,-0.6589291
2.26,-1.4352989
2.27,0.32002587
2.28,-0.44047864
2.29,0.59426445
2.3,-1.0012172
2.31,-0.042893535
2.32,-0.46281625
2.33,1.9794817
2.34,1.6651624
2.35,-1.5465672
2.36,1.1095291
2.37,0.1240109
2.38,0.1628937
2.39,-0.88750742
2.4,0.15046721
2.41,0.41689063
2.42,0.50248557
2.43,0.064649505
2.44,0.002955587
2.45,-0.42549858
2.46,-0.49044649
2.47,-1.0173677
2.48,-0.76474485
2.49,-1.4604418
2.5,-0.82490885
2.51,-1.5760424
2.52,2.9652162
2.53,-1.5827272
2.54,-1.372743
2.55,-1.5072043
2.56,-1.0991622
2.57,0.90544113
2.58,-1.2192313
2.59,-1.3939789
2.6,1.6771362
2.61,-0.080842973
2.62,-2.0042969
2.63,-0.45793874
2.64,-0.35222432
2.65,-1.0523677
2.66,-1.027129
2.67,1.3302502
2.68,0.44846126
2.69,0.71612087
2.7,1.6745991
2.71,0.72974322
2.72,1.3203013
2.73,0.048731057
2.74,-1.3840969
2.75,-2.1676751
2.76,2.1177909
2.77,-0.75777434
2.78,1.2160099
2.79,1.5226928
2.8,3.964126
2.81,0.88651199
2.82,-0.22498471
2.83,-1.1983307
2.84,-0.57513927
2.85,1.1315853
2.86,0.24847345
2.87,-0.29696732
2.88,1.5135416
2.89,-0.3506792
2.9,-2.6528186
2.91,1.6631984
2.92,1.5104676
2.93,-0.032245388
2.94,-0.003376902
2.95,0.19598933
2.96,0.89486742
2.97,1.2500604
2.98,-1.1352904
2.99,-0.33239107
3,0.39099063
3.01,0.87644323
3.02,-2.4811533
3.03,-0.59395374
3.04,-0.73344443
3.05,-1.1526845
3.06,0.4984457
3.07,-0.9828303
3.08,-1.0347759
3.09,0.80452689
3.1,-0.71257478
3.11,-0.16309261
3.12,-0.8980667
3.13,0.36318269
3.14,0.12126624
3.15,0.95086515
3.16,-0.82973167
3.17,-0.15723694
3.18,-0.79563068
3.19,-0.040954364
3.2,-0.65666958
3.21,-2.4652502
3.22,-2.2225163
3.23,-0.91837251
3.24,0.77244772
3.25,1.3861837
3.26,-0.32481451
3.27,-0.96865161
3.28,1.3114534
3.29,-0.65566563
3.3,0.7086579
3.31,-1.1467688
3.32,-0.14475703
3.33,-0.37993038
3.34,0.67982432
3.35,0.19051403
3.36,0.65190222
3.37,0.86453818
3.38,-0.52318883
3.39,-0.67155938
3.4,-1.3487608
3.41,-1.9118342
3.42,-0.1648246
3.43,1.3936131
3.44,2.169973
3.45,-0.82599353
3.46,0.87040151
3.47,-0.22560212
3.48,0.20895144
3.49,-0.34309939
3.5,0.57865023
3.51,0.62292072
3.52,-0.061890481
3.53,0.91324841
3.54,-0.35918419
3.55,0.32872057
3.56,1.409734
3.57,0.39143882
3.58,-2.5752144
3.59,0.045004998
3.6,-0.39518213
3.61,-0.26093397
3.62,0.86339075
3.63,-0.60985969
3.64,-0.56728856
3.65,1.5920123
3.66,0.97402452
3.67,1.1732645
3.68,-0.51479108
3.69,-0.064864401
3.7,-0.67741481
3.71,0.31132399
3.72,-1.4806592
3.73,-0.009656398
3.74,-1.3230972
3.75,-0.81668954
3.76,0.12998941
3.77,-0.011550214
3.78,1.048069
3.79,0.98825939
3.8,-0.47899396
3.81,1.4034481
3.82,2.0976292
3.83,-0.51801276
3.84,-0.61514896
3.85,0.072529729
3.86,-0.77472407
3.87,-0.14683595
3.88,-0.92320393
3.89,-0.016044404
3.9,0.086379744
3.91,-0.000497768
3.92,0.29990113
3.93,0.31166039
3.94,-1.5057604
3.95,0.80951912
3.96,1.0488882
3.97,0.41500775
3.98,0.21534832
3.99,-1.0209034
4,-0.88005692
4.01,1.3990184
4.02,0.17418264
4.03,-0.54773629
4.04,-0.40022501
4.05,1.1445297
4.06,-0.84625706
4.07,0.56184879
4.08,-0.58205832
4.09,-0.97080707
4.1,1.7002592
4.11,-0.50249533
4.12,0.61192836
4.13,-0.28391801
4.14,-0.88942787
4.15,-0.44330061
4.16,-1.2485325
4.17,-0.52258227
4.18,-0.33567008
4.19,-0.92282223
4.2,0.95324235
4.21,-0.95726017
4.22,-0.6691161
4.23,-0.57134826
4.24,1.3730281
4.25,-0.33660257
4.26,-0.026299809
4.27,1.0850975
4.28,0.40720559
4.29,-0.23412113
4.3,0.57640674
4.31,0.064774848
4.32,0.12247472
4.33,0.76630781
4.34,0.27586483
4.35,0.37650802
4.36,2.6302249
4.37,-2.5038077
4.38,-0.7295919
4.39,0.075319218
4.4,-0.31700873
4.41,1.1516559
4.42,-1.2118736
4.43,-0.41120406
4.44,0.90016313
4.45,-0.56519132
4.46,0.97233243
4.47,1.1155734
4.48,-0.33465752
4.49,-0.27624344
4.5,0.89836727
4.51,-0.95513971
4.52,0.73109223
4.53,0.19266264
4.54,0.35120929
4.55,1.5375483
4.56,-0.98907124
4.57,0.34453901
4.58,0.90613092
4.59,0.94818227
4.6,-0.9720689
4.61,0.54566295
4.62,-0.20080386
4.63,0.24098572
4.64,-0.34445443
4.65,0.53213361
4.66,1.461842
4.67,-0.28728648
4.68,1.0723271
4.69,0.10951712
4.7,0.75594922
4.71,-0.23057705
4.72,1.2217242
4.73,0.13714314
4.74,0.68916497
4.75,-0.51724825
4.76,-0.16546262
4.77,-0.301966
4.78,1.4607771
4.79,-0.16520745
4.8,-1.5458167
4.81,0.48905336
4.82,0.13671197
4.83,0.47779251
4.84,1.5623024
4.85,-0.64087571
4.86,-0.49095234
4.87,-0.44283608
4.88,0.23288459
4.89,-1.5753018
4.9,0.05569023
4.91,0.19654843
4.92,-2.4513453
4.93,0.34894317
4.94,0.90054697
4.95,-1.3906369
4.96,-0.47857737
4.97,-1.3252098
4.98,-0.021963843
4.99,0.288011
5,-1.1336738
5.01,3.6908442
5.02,-1.3481323
5.03,1.0242946
5.04,0.54565692
5.05,0.66113283
5.06,1.649272
5.07,-0.32310299
5.08,-1.3092739
5.09,-1.7369065
5.1,-1.1018726
5.11,-1.384063
5.12,-0.72679421
5.13,0.59990841
5.14,-1.2697484
5.15,-2.012515
5.16,-0.82091791
5.17,-0.52032445
5.18,-1.7986707
5.19,1.295295
5.2,1.1816985
5.21,-2.3728175
5.22,-2.2650481
5.23,0.55986768
5.24,-1.4656647
5.25,-2.0483787
5.26,-0.28550651
5.27,-1.913185
5.28,2.5764767
5.29,-0.96348677
5.3,0.269583
5.31,-0.63164137
5.32,0.21937846
5.33,0.4099109
5.34,-1.2024103
5.35,-1.4493833
5.36,1.5018347
5.37,-1.6289483
5.38,-1.3334513
5.39,-0.39028303
5.4,-0.21701258
5.41,-1.2742129
5.42,0.075915874
5.43,-0.73115107
5.44,-1.518555
5.45,1.4037936
5.46,-0.21255577
5.47,-1.2613637
5.48,-0.51318563
5.49,-1.8948875
5.5,-0.56906862
5.51,0.031222478
5.52,0.073556519
5.53,-0.65669531
5.54,0.44038789
5.55,-0.96203551
5.56,1.1377783
5.57,-0.41581885
5.58,-0.11152229
5.59,-1.9426476
5.6,-0.42779615
5.61,0.11427125
5.62,-0.68051665
5.63,-0.24524177
5.64,-0.23867393
5.65,-0.02172411
5.66,1.0526171
5.67,0.16039069
5.68,-0.34415448
5.69,0.010113723
5.7,-2.1747116
5.71,1.541284
5.72,2.2074644
5.73,-2.6873861
5.74,-1.4985995
5.75,-2.5755616
5.76,-0.40153717
5.77,-2.0641545
5.78,-2.0370274
5.79,-3.0304555
5.8,0.90005461
5.81,0.18397053
5.82,0.2171904
5.83,0.013787092
5.84,-0.87675733
5.85,-1.542954
5.86,0.80564983
5.87,-1.2498409
5.88,-1.4159682
5.89,-0.13199753
5.9,0.080152648
5.91,0.23412241
5.92,0.17427273
5.93,-1.6257227
5.94,-1.1803056
5.95,-0.033142722
5.96,1.0632306
5.97,-1.9214751
5.98,-0.72551128
5.99,-2.4020304
6,-2.3310557
6.01,-0.9653828
6.02,1.5358125
6.03,0.59577816
6.04,0.083265379
6.05,0.23646412
6.06,-0.51471255
6.07,1.1407662
6.08,-1.3667048
6.09,-0.78423515
6.1,-0.8392668
6.11,1.8701316
6.12,-0.18797063
6.13,-1.2306402
6.14,-0.17629228
6.15,-1.5527184
6.16,0.45838307
6.17,-1.5277554
6.18,-1.8246642
6.19,-1.2256887
6.2,2.0259155
6.21,-0.60212321
6.22,0.52855429
6.23,-3.0939168
6.24,0.010714469
6.25,-0.37662815
6.26,-1.2165297
6.27,1.6898387
6.28,-1.5096586
6.29,-0.8301825
6.3,-0.85386578
6.31,-0.80248612
6.32,-0.39483106
6.33,0.16658576
6.34,-1.6920758
6.35,0.90968501
6.36,-3.0430836
6.37,-0.91964482
6.38,-1.1123727
6.39,1.0958329
6.4,-0.43297324
6.41,-1.5458032
6.42,0.063688311
6.43,-0.6585843
6.44,-0.40427182
6.45,1.4133313
6.46,-1.2180926
6.47,1.9680789
6.48,-1.4260705
6.49,-0.79301181
6.5,-1.3085612
6.51,1.048395
6.52,0.74035865
6.53,-3.0643647
6.54,-3.2757832
6.55,-1.3730862
6.56,0.1101565
6.57,-1.4611508
6.58,-1.7123583
6.59,0.41511915
6.6,1.3744308
6.61,-1.7525118
6.62,1.044414
6.63,-0.76760108
6.64,-1.9210932
6.65,0.072394621
6.66,0.20993227
6.67,-0.10529505
6.68,0.15648371
6.69,-0.47415087
6.7,-1.2762324
6.71,0.47632186
6.72,-0.51153461
6.73,-0.84069369
6.74,0.56496084
6.75,-2.2809295
6.76,-0.77655495
6.77,-0.93497664
6.78,-1.5846651
6.79,-0.34090954
6.8,1.9648906
6.81,-1.3601168
6.82,-0.98813276
6.83,-1.5295431
6.84,-0.55703451
6.85,0.69908915
6.86,-1.3391974
6.87,0.59284711
6.88,1.1276383
6.89,-0.23597253
6.9,0.99873675
6.91,-0.61361619
6.92,-0.18130215
6.93,-0.10452227
6.94,-0.46884197
6.95,-0.84897113
6.96,1.7945503
6.97,-0.21891228
6.98,0.25400131
6.99,-1.7163289
7,0.16257617
7.01,-1.158089
7.02,-0.065396385
7.03,-1.726934
7.04,-2.718035
7.05,-1.4431332
7.06,-1.197203
7.07,0.94182102
7.08,0.30398811
7.09,0.14113186
7.1,2.6217879
7.11,1.7009373
7.12,0.48240147
7.13,0.66973018
7.14,-1.491982
7.15,-0.14468176
7.16,1.6251398
7.17,1.172276
7.18,-3.1430004
7.19,-0.43775615
7.2,-0.29798128
7.21,-1.472757
7.22,-0.56497621
7.23,-3.5662577
7.24,-1.0047251
7.25,-0.89225486
7.26,1.4546236
7.27,-2.3063265
7.28,0.51481237
7.29,-1.7521079
7.3,-0.23670407
7.31,-0.3676037
7.32,-1.065328
7.33,-0.10989951
7.34,-0.63661715
7.35,-1.9878074
7.36,-2.1020862
7.37,-1.4499836
7.38,1.5902266
7.39,0.58793899
7.4,-0.2576935
7.41,-1.6747767
7.42,0.89940949
7.43,-1.0184217
7.44,-0.44811601
7.45,1.7275416
7.46,1.7573702
7.47,-1.5447286
7.48,-0.19097951
7.49,-0.92996017
7.5,0.31434536
7.51,-1.3630247
7.52,-1.7941962
7.53,2.6871486
7.54,-1.2082065
7.55,0.4690033
7.56,0.50471203
7.57,0.55431941
7.58,2.0313902
7.59,-1.1616157
7.6,0.013091478
7.61,-1.1686798
7.62,-0.53833238
7.63,-0.99768365
7.64,2.4399375
7.65,0.035002402
7.66,-0.19189638
7.67,0.16569165
7.68,-0.31572253
7.69,1.5932103
7.7,-1.537689
7.71,-0.35547049
7.72,-0.39859715
7.73,-2.2252716
7.74,1.6926019
7.75,0.61538473
7.76,-0.79888314
7.77,-0.67371557
7.78,0.072052286
7.79,-1.1480618
7.8,-1.3141468
7.81,-0.46226634
7.82,-0.11838737
7.83,1.839039
7.84,1.1131809
7.85,-0.16269989
7.86,-1.2430175
7.87,-1.1477325
7.88,-1.755133
7.89,-0.11720631
7.9,0.15121722
7.91,-1.1124793
7.92,0.57694647
7.93,0.25137731
7.94,1.2855556
7.95,-0.83420522
7.96,0.7125066
7.97,-0.42904055
7.98,-0.040185347
7.99,2.3040254
8,1.7869984
8.01,-2.5369338
8.02,-1.8656965
8.03,0.27791727
8.04,-1.6843008
8.05,1.7977536
8.06,-1.1973817
8.07,-2.6404896
8.08,0.30808027
8.09,0.045986583
8.1,-0.37722691
8.11,0.19248918
8.12,-1.9646174
8.13,0.86597321
8.14,-1.9959247
8.15,-0.43410796
8.16,-0.3840187
8.17,0.44553567
8.18,-1.840113
8.19,0.21869388
8.2,-1.4736214
8.21,3.0035217
8.22,-0.7641406
8.23,1.2248493
8.24,-0.65032588
8.25,0.85086902
8.26,0.002739813
8.27,1.3631395
8.28,-0.4806488
8.29,-0.757271
8.3,-0.45255401
8.31,-2.8626658
8.32,-0.75500697
8.33,-1.0985959
8.34,-2.0257809
8.35,-2.0283844
8.36,-0.98285723
8.37,-3.3232798
8.38,1.0847662
8.39,1.3697597
8.4,1.0401632
8.41,-0.65140527
8.42,-0.4626231
8.43,-0.37551176
8.44,2.4605963
8.45,-0.2824949
8.46,0.30623033
8.47,-0.28084162
8.48,1.0445413
8.49,0.19640334
8.5,-0.41561913
8.51,2.0564104
8.52,-0.92440353
8.53,-1.6140852
8.54,0.17580191
8.55,-0.98300257
8.56,-0.30213688
8.57,-0.7566731
8.58,0.03590523
8.59,1.1889173
8.6,3.980522
8.61,-1.9455858
8.62,-1.0571165
8.63,-2.7169518
8.64,1.0273459
8.65,-2.5197098
8.66,-1.8262423
8.67,-1.3101477
8.68,0.15788501
8.69,0.32868371
8.7,-0.83580452
8.71,-0.93426419
8.72,0.19211532
8.73,-0.96221272
8.74,-0.46573233
8.75,1.5031742
8.76,-0.43653927
8.77,-1.4292937
8.78,-1.5110744
8.79,-0.82113833
8.8,0.28906156
8.81,0.37994618
8.82,0.44198855
8.83,-0.52275644
8.84,-0.52493789
8.85,-0.26462812
8.86,-2.9117431
8.87,-1.8720544
8.88,0.83342189
8.89,-0.37385248
8.9,1.8417037
8.91,-0.33398123
8.92,0.13650471
8.93,-1.2645679
8.94,0.20265228
8.95,-1.4633551
8.96,0.99377427
8.97,-0.82777852
8.98,-3.0064674
8.99,-2.2725626
9,1.1763103
9.01,-1.229557
9.02,0.16397096
9.03,-0.62790309
9.04,-0.95889946
9.05,-1.1742164
9.06,-1.7574998
9.07,0.15283497
9.08,1.1351719
9.09,1.7733738
9.1,-0.63439195
9.11,-1.36025
9.12,0.46066348
9.13,-1.7843545
9.14,1.284135
9.15,-1.725662
9.16,-1.1667461
9.17,0.43201443
9.18,-0.37054333
9.19,-1.3088485
9.2,-2.4417415
9.21,-0.028623643
9.22,-1.5839576
9.23,0.61559148
9.24,-1.2948009
9.25,-0.9296128
9.26,1.2114378
9.27,-1.5876101
9.28,1.1271139
9.29,-0.74401337
9.3,0.081260177
9.31,-0.76081501
9.32,-0.22714914
9.33,-1.4100006
9.34,0.73447046
9.35,-1.1562738
9.36,0.37730906
9.37,0.89864697
9.38,-0.1052722
9.39,-0.6776273
9.4,2.3574151
9.41,-1.3977914
9.42,-2.5370113
9.43,-1.8563689
9.44,-1.6788746
9.45,0.31225911
9.46,0.68343334
9.47,0.93497741
9.48,1.1810208
9.49,2.1670011
9.5,-1.3492359
9.51,0.061321395
9.52,-0.38176086
9.53,-1.0781686
9.54,-2.2346311
9.55,-0.95417606
9.56,-0.059624765
9.57,0.073007146
9.58,1.8491332
9.59,-1.3033611
9.6,-0.28660609
9.61,-0.75151399
9.62,-0.64770812
9.63,2.5878644
9.64,0.004274099
9.65,-1.1606689
9.66,-0.73351982
9.67,1.3468532
9.68,0.33447175
9.69,-1.194657
9.7,-0.82950832
9.71,0.068375508
9.72,-1.6635438
9.73,0.76435237
9.74,-0.97031889
9.75,-1.799238
9.76,-0.3465199
9.77,1.3477543
9.78,0.06961167
9.79,-1.2311085
9.8,1.3262481
9.81,-0.6804036
9.82,-0.51740426
9.83,-3.3034331
9.84,-0.66911966
9.85,1.618218
9.86,1.3836421
9.87,-0.15456255
9.88,-1.9269755
9.89,0.43158214
9.9,0.001568426
9.91,-0.78035093
9.92,-1.8406346
9.93,1.1521721
9.94,1.8122141
9.95,-0.70156078
9.96,-1.4726354
9.97,3.5505529
9.98,1.6776581
9.99,-0.16691804
10,-0.77606926
10.01,-0.24228781
10.02,-1.7217079
10.03,-2.4758384
10.04,0.52770479
10.05,-3.724799
10.06,-0.91303127
10.07,-3.0135591
10.08,0.4972815
10.09,-0.82030371
10.1,-1.3281705
10.11,-1.9790355
10.12,1.9946893
10.13,-2.5512038
10.14,-2.5923624
10.15,-1.1783194
10.16,-1.5228961
10.17,0.7165958
10.18,2.9715562
10.19,0.91908679
10.2,-1.2591685
10.21,-1.8680523
10.22,-1.2649872
10.23,-1.0130863
10.24,1.0185149
10.25,-0.88124703
10.26,0.87313934
10.27,-1.309953
10.28,-0.086140191
10.29,-2.5392393
10.3,0.48895424
10.31,-0.53006356
10.32,-0.19392743
10.33,0.97758305
10.34,-2.1709672
10.35,-0.84262132
10.36,-1.3874726
10.37,0.002810476
10.38,0.3884475
10.39,1.1598907
10.4,1.3603402
10.41,2.3209216
10.42,0.66882021
10.43,-2.0168925
10.44,0.50007271
10.45,-1.0455679
10.46,-1.0366303
10.47,-1.7409158
10.48,-0.48197655
10.49,1.6916396
10.5,-1.7122458
10.51,-1.6934477
10.52,-0.090043297
10.53,0.80797513
10.54,-1.2248373
10.55,2.0967026
10.56,0.60496866
10.57,-1.0197307
10.58,0.48356513
10.59,-0.22259645
10.6,-0.49506004
10.61,-0.94829611
10.62,-1.784607
10.63,0.99788434
10.64,-0.22543816
10.65,-2.0535357
10.66,0.74389521
10.67,0.13868852
10.68,1.9141921
10.69,-1.312532
10.7,1.5488243
10.71,-0.22531901
10.72,1.801598
10.73,0.33521445
10.74,-0.093734572
10.75,-1.0722546
10.76,-0.087357649
10.77,-0.87127275
10.78,-0.33882161
10.79,0.014455172
10.8,0.6801946
10.81,0.31254739
10.82,-1.1017242
10.83,1.043867
10.84,-0.077009817
10.85,-1.3564806
10.86,0.87147899
10.87,-0.16796679
10.88,-0.44918329
10.89,2.0119243
10.9,-1.3342981
10.91,-2.1654749
10.92,0.72155206
10.93,1.1769864
10.94,-0.10066105
10.95,0.90603436
10.96,-1.4114811
10.97,-1.8937547
10.98,-0.49352574
10.99,-0.79390013
11,-1.7759454
11.01,-0.86494868
11.02,-0.67180649
11.03,-0.38789439
11.04,0.8266463
11.05,-2.2599163
11.06,0.58679535
11.07,-1.3917631
11.08,-1.8972932
11.09,0.89985539
11.1,0.80637506
11.11,2.2631572
11.12,-0.85189853
11.13,-0.30121058
11.14,0.029643877
11.15,0.86705959
11.16,-0.33102904
11.17,-3.0539033
11.18,0.39029676
11.19,-0.47763214
11.2,2.7368568
11.21,0.16259435
11.22,-0.98587492
11.23,-1.2856953
11.24,-0.64901742
11.25,-0.21622783
11.26,-0.37102251
11.27,1.3904195
11.28,-0.31069714
11.29,-1.6062726
11.3,1.5643222
11.31,1.4375853
11.32,-1.5822374
11.33,-1.4411843
11.34,-1.3937909
11.35,-1.1534864
11.36,1.6507388
11.37,0.90532755
11.38,-0.81681708
11.39,-1.3850115
11.4,1.8551932
11.41,0.91321865
11.42,0.9178806
11.43,-1.0545796
11.44,0.11221916
11.45,-0.66551119
11.46,-0.22643837
11.47,-0.29437621
11.48,-0.80730173
11.49,0.16223357
11.5,1.0432499
11.51,1.6535612
11.52,0.4432041
11.53,-1.3027878
11.54,0.47438484
11.55,-0.77282963
11.56,-0.18312161
11.57,-0.52753118
11.58,1.5568074
11.59,-0.66702322
11.6,0.60318988
11.61,-1.6823182
11.62,-1.5750394
11.63,2.0561575
11.64,-1.9107153
11.65,-2.7340544
11.66,-1.2702362
11.67,1.5070622
11.68,1.072784
11.69,-2.5385798
11.7,-1.6900977
11.71,0.15569364
11.72,-0.44563393
11.73,-1.9451514
11.74,1.883443
11.75,1.5346993
11.76,1.2624063
11.77,-0.41354454
11.78,-2.1630851
11.79,0.62035652
11.8,-0.70870219
11.81,-1.1093877
11.82,-0.92076802
11.83,-1.3562946
11.84,0.1402548
11.85,-0.36310945
11.86,-0.44559745
11.87,-0.39953988
11.88,0.59338175
11.89,1.8768805
11.9,0.67123526
11.91,2.4860706
11.92,1.8422751
11.93,-1.2663774
11.94,1.1315836
11.95,-0.54239255
11.96,-1.3194094
11.97,-1.8856314
11.98,-1.6449684
11.99,-1.6689079
12,1.5100106
12.01,0.12468678
12.02,-0.30247674
12.03,1.9665839
12.04,-0.77904038
12.05,0.0512875
12.06,-1.2711337
12.07,1.2801693
12.08,-0.33074015
12.09,-0.60407828
12.1,1.3540725
12.11,-0.92983239
12.12,-1.1673198
12.13,-0.84936562
12.14,0.51998979
12.15,-0.95682536
12.16,-1.0597449
12.17,-0.05885377
12.18,-2.6866891
12.19,1.4297011
12.2,-0.57770123
12.21,-1.6753605
12.22,0.84117389
12.23,-0.090253668
12.24,-0.40200589
12.25,-0.18085318
12.26,-1.0990116
12.27,-0.89102708
12.28,0.11864476
12.29,1.4103454
12.3,-1.7888734
12.31,0.15502701
12.32,0.40139843
12.33,0.80275868
12.34,-0.65859011
12.35,0.001096384
12.36,-0.37663977
12.37,-0.65247975
12.38,-2.7150803
12.39,-0.93803929
12.4,0.19648537
12.41,-1.6936625
12.42,-1.8547215
12.43,2.8564234
12.44,0.16357928
12.45,-1.2956495
12.46,-1.2681578
12.47,-1.8168121
12.48,-3.8326776
12.49,0.95175198
12.5,-0.10011563
12.51,4.2227918
12.52,-0.81660309
12.53,-2.4032022
12.54,-1.0889244
12.55,2.5582679
12.56,-0.52682126
12.57,1.2868159
12.58,0.062236183
12.59,-0.66474534
12.6,1.0194576
12.61,1.5041284
12.62,0.13777095
12.63,0.39402608
12.64,1.1537959
12.65,-0.92013929
12.66,-1.2593265
12.67,-0.02121898
12.68,-0.84021451
12.69,0.22426955
12.7,0.91165695
12.71,-0.013367409
12.72,-0.14257597
12.73,-1.5688792
12.74,-1.0941242
12.75,-1.0659116
12.76,-1.5355334
12.77,1.526966
12.78,-0.72662181
12.79,1.0767894
12.8,0.12377935
12.81,-1.0882996
12.82,-2.6555359
12.83,1.3007236
12.84,0.39070661
12.85,-0.48248716
12.86,-1.7395324
12.87,-0.69686299
12.88,2.1848076
12.89,1.4684368
12.9,-0.085970978
12.91,-0.025279824
12.92,1.8865006
12.93,1.8224473
12.94,-1.9372561
12.95,2.0259583
12.96,-1.4179071
12.97,-0.32025439
12.98,-0.64534387
12.99,-1.4232716
13,-0.1650982
13.01,-0.92047323
13.02,0.76725885
13.03,-0.65665466
13.04,2.759564
13.05,3.0136191
13.06,-1.1411159
13.07,-1.090191
13.08,-1.9216541
13.09,1.1919271
13.1,1.6983228
13.11,-1.9797004
13.12,-0.22650747
13.13,0.78537747
13.14,-0.1252727
13.15,0.3964043
13.16,0.81382389
13.17,-2.374426
13.18,-0.18678731
13.19,0.98103089
13.2,-0.1251514
13.21,0.012463757
13.22,0.50619935
13.23,-0.36621696
13.24,-1.6889217
13.25,0.39942528
13.26,1.0564202
13.27,-1.6156542
13.28,-1.6889953
13.29,-1.78272
13.3,-1.2972884
13.31,-1.1562284
13.32,-0.56361173
13.33,-1.3302442
13.34,-0.61332454
13.35,-0.45452324
13.36,-1.7153514
13.37,-1.3034924
13.38,-1.3620844
13.39,-1.1712763
13.4,0.14440682
13.41,-1.9113836
13.42,0.73185575
13.43,1.3794993
13.44,-0.93462721
13.45,2.2001963
13.46,-1.2242308
13.47,-1.3776227
13.48,-2.3517658
13.49,1.4197459
13.5,-1.141207
13.51,-1.7072235
13.52,-1.5484692
13.53,-0.90103295
13.54,-1.6552655
13.55,0.33446152
13.56,-1.5556496
13.57,-0.92548376
13.58,-2.0724192
13.59,-0.003365192
13.6,-1.8617347
13.61,-1.0062796
13.62,-1.2266512
13.63,-1.5653053
13.64,-2.0691065
13.65,-0.79745123
13.66,-2.3388108
13.67,-2.0520683
13.68,-0.51177944
13.69,1.8391911
13.7,-1.8070829
13.71,0.022839359
13.72,0.025169394
13.73,0.69417208
13.74,-0.66867482
13.75,-1.0978263
13.76,0.60271608
13.77,-0.28007207
13.78,0.30674554
13.79,-0.72111492
13.8,-0.071359625
13.81,-2.2855371
13.82,-0.40917033
13.83,-1.2381281
13.84,-0.77417157
13.85,0.022041775
13.86,2.4550368
13.87,0.86961161
13.88,-0.40405266
13.89,-2.6738294
13.9,-4.4850285
13.91,1.9902829
13.92,-1.0213667
13.93,-1.1341102
13.94,-0.37686314
13.95,2.6786319
13.96,-1.4194108
13.97,-2.0908394
13.98,-0.03866713
13.99,-1.5737505
14,0.85800874
14.01,-0.73287467
14.02,-0.77054427
14.03,-0.81167843
14.04,-1.3894248
14.05,-1.7965617
14.06,-0.46786085
14.07,-1.5163825
14.08,0.22186326
14.09,0.073328392
14.1,0.026541191
14.11,1.2650197
14.12,0.83509922
14.13,-0.38380061
14.14,-1.1499877
14.15,-0.63308525
14.16,-3.1223484
14.17,0.44034205
14.18,0.11690526
14.19,0.60561375
14.2,-0.63046958
14.21,-0.77013577
14.22,0.99820523
14.23,-1.5350388
14.24,-0.57643622
14.25,1.0224455
14.26,-2.3329316
14.27,1.0568165
14.28,-0.76448007
14.29,1.3345463
14.3,-0.55066729
14.31,-0.35656683
14.32,2.0526305
14.33,-0.075319845
14.34,-1.8180849
14.35,-1.3949293
14.36,-1.1376563
14.37,-1.8219298
14.38,-1.366994
14.39,1.21517
14.4,0.95517441
14.41,-0.6571038
14.42,-1.0589422
14.43,1.6588455
14.44,0.88088547
14.45,-0.15483108
14.46,-0.69571025
14.47,0.32888842
14.48,0.35043796
14.49,0.38326479
14.5,0.68182601
14.51,-1.4065088
14.52,-1.1621432
14.53,-1.0016014
14.54,-0.20644109
14.55,-0.21123004
14.56,-1.3326681
14.57,-0.18023919
14.58,-1.7002894
14.59,2.1065205
14.6,-2.5471683
14.61,-0.58780359
14.62,-0.70456166
14.63,-1.2350973
14.64,2.0919131
14.65,-0.40732163
14.66,1.2751928
14.67,0.41909679
14.68,0.008509775
14.69,-0.82975204
14.7,-0.23606203
14.71,-0.76770922
14.72,-1.5281212
14.73,3.0400547
14.74,0.2126867
14.75,-0.64504901
14.76,-0.65051953
14.77,0.29379239
14.78,-1.1243426
14.79,1.0479366
14.8,0.62700267
14.81,-0.88203895
14.82,-0.49575028
14.83,1.5694633
14.84,0.21619263
14.85,0.60822084
14.86,0.87578462
14.87,0.65660518
14.88,-1.980285
14.89,0.82040614
14.9,0.033293473
14.91,-0.57997361
14.92,-2.7965103
14.93,-0.65761804
14.94,-1.5631113
14.95,-0.53211578
14.96,-0.80905378
14.97,-1.0739781
14.98,-0.45178216
14.99,-0.31378575
15,-1.1124642
15.01,2.7272377
15.02,1.4697557
15.03,-0.18253238
15.04,-2.7010907
15.05,-1.8884105
15.06,-0.88597238
15.07,-0.35120982
15.08,0.74530173
15.09,-1.8933348
15.1,-0.49602825
15.11,-0.65318061
15.12,-0.59775263
15.13,-0.46163557
15.14,-2.1950858
15.15,-0.32809176
15.16,0.20315245
15.17,-1.7632887
15.18,0.56564886
15.19,-2.1184759
15.2,-1.9794272
15.21,1.4049982
15.22,1.4955333
15.23,-0.42647873
15.24,-0.98673381
15.25,1.2646771
15.26,-0.54307164
15.27,0.65684467
15.28,0.51449433
15.29,-0.7571785
15.3,-0.31507686
15.31,-0.91471215
15.32,0.089613233
15.33,-0.055081248
15.34,-1.2781418
15.35,0.070285443
15.36,-1.9225555
15.37,-0.92470242
15.38,-4.1973698
15.39,-0.94371861
15.4,-2.1514612
15.41,0.006420142
15.42,0.72290705
15.43,0.39841022
15.44,-1.8758913
15.45,0.56234727
15.46,-0.85493897
15.47,-0.044625069
15.48,-0.42407758
15.49,-0.64410174
15.5,0.22503197
15.51,-1.7993249
15.52,-0.42681976
15.53,1.1017579
15.54,-0.45810784
15.55,-0.82895519
15.56,-1.0409503
15.57,-2.5474105
15.58,-0.98982077
15.59,0.41888524
15.6,-0.98040535
15.61,2.3635579
15.62,-0.88706256
15.63,0.25925934
15.64,0.54624399
15.65,1.4291
15.66,1.1058128
15.67,-1.0256347
15.68,-0.3206804
15.69,-2.1600218
15.7,-1.1442883
15.71,-0.91841194
15.72,1.2806605
15.73,-0.8394246
15.74,-1.5737001
15.75,-0.44371511
15.76,-1.6895257
15.77,-1.9646249
15.78,-1.3478873
15.79,1.3736366
15.8,-0.64638682
15.81,-0.54134386
15.82,1.2341976
15.83,-1.3653309
15.84,-1.3488522
15.85,1.1139544
15.86,0.93592654
15.87,-1.6025006
15.88,-0.006159932
15.89,-0.92293943
15.9,-1.0298558
15.91,-1.3820287
15.92,-0.4876243
15.93,1.5983759
15.94,0.082044364
15.95,0.13871326
15.96,0.10329808
15.97,0.41797345
15.98,-1.4370428
15.99,-0.78297844
16,1.9475901
16.01,-0.066864829
16.02,-0.77522885
16.03,1.6790171
16.04,1.4908177
16.05,-0.74841891
16.06,-0.79706289
16.07,-0.55935403
16.08,1.4590336
16.09,1.1775711
16.1,-0.78188568
16.11,1.1677863
16.12,-1.0035607
16.13,-1.199216
16.14,-2.4714513
16.15,1.6220903
16.16,0.046158549
16.17,0.24961032
16.18,-1.6094276
16.19,-0.48381811
16.2,-1.1399311
16.21,-0.2940358
16.22,-2.167933
16.23,0.32146548
16.24,2.4048811
16.25,1.284861
16.26,1.7237493
16.27,-0.11473914
16.28,-0.99371483
16.29,-2.2719235
16.3,1.3708401
16.31,-0.36482558
16.32,1.2494052
16.33,0.47038564
16.34,-0.43422686
16.35,-1.6511986
16.36,-0.75997511
16.37,0.93829749
16.38,-0.83506255
16.39,2.1833154
16.4,-1.9047889
16.41,-1.4512873
16.42,-2.4908866
16.43,-0.68188335
16.44,-1.9829088
16.45,-0.18886503
16.46,0.59803196
16.47,0.033165048
16.48,0.009121446
16.49,0.96580368
16.5,0.033879358
16.51,0.50005684
16.52,-2.168059
16.53,-0.10740691
16.54,-0.57823582
16.55,-0.33476139
16.56,-1.259234
16.57,1.3826004
16.58,0.026992085
16.59,-0.049312048
16.6,2.7100674
16.61,-0.37622307
16.62,-1.3934231
16.63,0.64904008
16.64,-0.69091917
16.65,-2.2010716
16.66,-0.75541389
16.67,-0.99417737
16.68,0.48220327
16.69,-0.77146279
16.7,-2.5447137
16.71,-1.044985
16.72,0.62545527
16.73,-0.14697346
16.74,-0.66980381
16.75,0.060160883
16.76,-0.8661109
16.77,-2.2357596
16.78,-0.47805527
16.79,0.48717183
16.8,0.41739462
16.81,1.3753136
16.82,1.135086
16.83,-0.29619356
16.84,-0.064570105
16.85,-0.15022087
16.86,-1.6464979
16.87,0.97292993
16.88,-0.42066278
16.89,-0.24446865
16.9,-1.261477
16.91,2.3249405
16.92,1.9137878
16.93,-0.89360986
16.94,-1.4078411
16.95,-1.6532282
16.96,0.93156317
16.97,-0.29029785
16.98,-0.39412888
16.99,-4.386722
17,0.024654885
17.01,1.3439155
17.02,-0.93352874
17.03,-0.6553936
17.04,-0.69622065
17.05,0.21624832
17.06,0.62779879
17.07,0.17797845
17.08,-1.5980697
17.09,-2.5333164
17.1,-0.44890964
17.11,-0.31729513
17.12,0.62047405
17.13,-0.26768592
17.14,0.81714279
17.15,-0.28302809
17.16,0.11958602
17.17,-1.6732207
17.18,-2.2162379
17.19,-2.1354797
17.2,0.24325364
17.21,0.11395926
17.22,1.3367753
17.23,-0.46198563
17.24,1.492782
17.25,-0.25858468
17.26,-0.66273546
17.27,-1.5129641
17.28,-1.0711514
17.29,-1.1016255
17.3,-2.0272699
17.31,-0.95891343
17.32,-1.8216257
17.33,-1.66949
17.34,0.060573363
17.35,-0.77690091
17.36,-0.44534278
17.37,-0.42493971
17.38,-0.79793359
17.39,0.78629121
17.4,-0.037758616
17.41,-1.1060389
17.42,-1.365439
17.43,-1.4223846
17.44,0.9735595
17.45,1.4122149
17.46,2.1577288
17.47,-0.49463522
17.48,-0.277903
17.49,-0.32305308
17.5,0.85715423
17.51,-0.33040427
17.52,1.8495462
17.53,-2.4138677
17.54,1.0889724
17.55,-1.7680123
17.56,-1.6546815
17.57,-1.4659111
17.58,-2.3465125
17.59,0.025765234
17.6,0.75526661
17.61,-0.99102251
17.62,-0.64907781
17.63,-0.62674668
17.64,0.64809529
17.65,-1.8438289
17.66,-1.2376839
17.67,1.3382148
17.68,-0.18947199
17.69,-1.3120734
17.7,-0.71600847
17.71,1.2457365
17.72,-1.8868484
17.73,-1.1814413
17.74,-1.1295743
17.75,-0.46900956
17.76,-2.6850041
17.77,0.33030335
17.78,-2.1952911
17.79,1.5104723
17.8,-1.4874255
17.81,-1.9888709
17.82,-1.6716427
17.83,0.78081754
17.84,3.9176006
17.85,-1.0452013
17.86,0.3308203
17.87,1.0576346
17.88,-0.56058575
17.89,-1.124378
17.9,1.7705132
17.91,-0.69799315
17.92,-1.6019245
17.93,-0.98994639
17.94,0.28281475
17.95,-0.74986766
17.96,-0.68360645
17.97,-1.3356224
17.98,-1.4377803
17.99,0.11809902
18,0.2886695
18.01,-0.31557211
18.02,-0.71733613
18.03,-0.54605748
18.04,-1.0484093
18.05,-2.186192
18.06,1.5535938
18.07,1.3731584
18.08,0.88033877
18.09,0.24973638
18.1,-1.1626672
18.11,-0.62310465
18.12,-2.5713
18.13,-0.54470715
18.14,-1.4112485
18.15,-0.59136874
18.16,-0.86243396
18.17,-2.4588531
18.18,-2.7248343
18.19,0.93599522
18.2,-2.956461
18.21,-2.4969547
18.22,-0.16783114
18.23,-1.9866318
18.24,1.0519719
18.25,-1.1456804
18.26,1.5788673
18.27,-1.7005352
18.28,-0.80947514
18.29,-0.21495479
18.3,-1.0797047
18.31,-0.15851733
18.32,1.5221249
18.33,0.34663441
18.34,-0.5919814
18.35,-1.3694502
18.36,-1.786024
18.37,-0.064766412
18.38,-1.856372
18.39,0.50392065
18.4,-0.28911692
18.41,-1.8221859
18.42,0.21290177
18.43,-1.6966508
18.44,1.3351081
18.45,-1.5332813
18.46,-0.013660011
18.47,1.4177192
18.48,-1.9143582
18.49,0.080530416
18.5,-1.6356565
18.51,-0.99514461
18.52,-0.86652806
18.53,-1.717563
18.54,-0.48435641
18.55,-1.9534591
18.56,0.41263451
18.57,-0.82254374
18.58,-2.352149
18.59,0.047041612
18.6,-0.9829297
18.61,0.30403182
18.62,-1.3242745
18.63,0.75362956
18.64,0.007703339
18.65,0.78011491
18.66,-0.86648262
18.67,-1.4091023
18.68,1.6976779
18.69,2.4666475
18.7,-0.78747004
18.71,-3.0533051
18.72,-1.2755742
18.73,-2.6796165
18.74,-1.4995221
18.75,1.6006477
18.76,0.82182109
18.77,0.54594144
18.78,0.55083907
18.79,0.76740453
18.8,2.6566579
18.81,-1.763097
18.82,-1.5065156
18.83,0.83734178
18.84,-1.3545995
18.85,-0.82860355
18.86,-0.42883001
18.87,0.087867181
18.88,1.5531872
18.89,0.037161328
18.9,-0.9078494
18.91,-1.1469883
18.92,0.94123272
18.93,1.4300402
18.94,0.41466943
18.95,-1.9930365
18.96,1.1844496
18.97,-0.96685277
18.98,-0.866599
18.99,0.25777195
19,0.99805495
19.01,-0.98902742
19.02,1.336145
19.03,-0.21370137
19.04,-0.7401042
19.05,-1.6127326
19.06,-1.3533027
19.07,0.13621207
19.08,1.0298882
19.09,-0.77313731
19.1,-1.2974819
19.11,0.53002403
19.12,-0.45326763
19.13,-1.8864763
19.14,0.39123509
19.15,0.42218676
19.16,0.66704076
19.17,-2.1264775
19.18,-1.3392321
19.19,0.19499279
19.2,-2.8236989
19.21,-0.78853144
19.22,-2.5005757
19.23,-0.15638419
19.24,-2.5059282
19.25,-0.89154255
19.26,0.8051492
19.27,-0.71267427
19.28,1.2385772
19.29,-1.0566396
19.3,-1.4218592
19.31,-0.60744043
19.32,-0.6069442
19.33,0.78714347
19.34,0.17485087
19.35,-1.8539677
19.36,1.9276689
19.37,-0.7846591
19.38,-2.4220907
19.39,-1.941699
19.4,0.55616968
19.41,0.55294252
19.42,-1.4254961
19.43,-0.58031862
19.44,1.5481209
19.45,0.95833215
19.46,-1.1121982
19.47,-1.085018
19.48,-0.7466774
19.49,-1.4409317
19.5,-0.97903668
19.51,3.0738208
19.52,0.90552368
19.53,1.3418267
19.54,-0.94333957
19.55,-2.1068516
19.56,2.2692008
19.57,0.44149693
19.58,-0.075835914
19.59,-1.4528158
19.6,-1.7946848
19.61,-0.25132393
19.62,0.10563924
19.63,-2.2328686
19.64,0.085773665
19.65,-1.6638506
19.66,-1.0448251
19.67,-0.11596238
19.68,0.41498911
19.69,0.79708612
19.7,-1.1002389
19.71,-1.1862286
19.72,-0.79214961
19.73,1.1853331
19.74,1.4040978
19.75,-0.88643015
19.76,-0.84771936
19.77,-1.2540373
19.78,1.6338368
19.79,2.0862774
19.8,-0.39264422
19.81,1.772284
19.82,1.0891979
19.83,-0.97366172
19.84,0.40972929
19.85,-1.3723996
19.86,-0.58858662
19.87,0.60276723
19.88,2.5301978
19.89,-0.44579819
19.9,-1.7815576
19.91,0.79381765
19.92,-0.51119643
19.93,-1.152648
19.94,3.6119329
19.95,-0.31050737
19.96,-1.393345
19.97,0.03122741
19.98,0.82718915
19.99,0.32383618
20,0.39436649
20.01,-1.5620921
20.02,0.82910297
20.03,-0.64014619
20.04,-0.4587831
20.05,-1.2911034
20.06,1.8846043
20.07,-1.4799938
20.08,-0.86865821
20.09,-0.22003694
20.1,-1.0365663
20.11,0.78315509
20.12,-0.87916286
20.13,-0.25652744
20.14,-1.758845
20.15,-0.27789914
20.16,-0.51444708
20.17,1.166522
20.18,-1.6894022
20.19,-0.80251388
20.2,-2.8298417
20.21,-0.96644751
20.22,-0.85860522
20.23,-0.95361914
20.24,-0.12511139
20.25,-0.67385174
20.26,-0.5849676
20.27,1.5619952
20.28,-0.50206042
20.29,-0.14057152
20.3,2.9368236
20.31,-0.99438784
20.32,0.31921982
20.33,-0.7954576
20.34,-1.7264807
20.35,-0.86460017
20.36,1.640028
20.37,0.014956757
20.38,-1.980723
20.39,-1.6634883
20.4,4.9664142
20.41,-0.017883734
20.42,-0.37811803
20.43,0.18195384
20.44,-1.6497982
20.45,-0.66769582
20.46,-1.5074591
20.47,0.063658053
20.48,0.77711009
20.49,0.64294627
20.5,-0.27408864
20.51,0.79816932
20.52,1.5290597
20.53,-1.481137
20.54,-2.8671276
20.55,-1.0525916
20.56,-1.1859736
20.57,0.27764227
20.58,-1.2726572
20.59,-0.037433761
20.6,-1.7200653
20.61,0.54046564
20.62,-2.4081125
20.63,-0.20564988
20.64,-1.9467936
20.65,1.2177393
20.66,1.1925713
20.67,-0.08750857
20.68,-2.5183465
20.69,0.93788623
20.7,-0.74606993
20.71,-1.5879513
20.72,-0.80424723
20.73,0.79576473
20.74,-1.6446008
20.75,0.15864646
20.76,-0.83373609
20.77,0.81326205
20.78,-1.1758399
20.79,1.019834
20.8,-1.356851
20.81,-2.6741352
20.82,-2.2753192
20.83,0.18506205
20.84,-0.8760795
20.85,0.10348704
20.86,-1.4945585
20.87,1.6566821
20.88,1.0854888
20.89,-2.4693642
20.9,2.5546664
20.91,-1.7242237
20.92,-1.5426052
20.93,1.4266187
20.94,-1.0916711
20.95,-0.60497484
20.96,-0.33593073
20.97,-1.3692027
20.98,-0.46790942
20.99,-0.12673637
21,-0.71584839
21.01,-0.39343238
21.02,-1.5178473
21.03,-0.42409095
21.04,0.24589672
21.05,-1.5613443
21.06,-1.8614598
21.07,0.53855705
21.08,-1.8430397
21.09,-1.9943195
21.1,-1.0627842
21.11,-1.5120757
21.12,-2.1176672
21.13,0.70714245
21.14,-0.16310785
21.15,0.21408363
21.16,-0.93265637
21.17,-1.322983
21.18,0.13304566
21.19,-0.82245241
21.2,-0.54032973
21.21,-1.2512447
21.22,0.71355841
21.23,-1.3451667
21.24,-0.15626005
21.25,0.1230748
21.26,-1.0978102
21.27,-1.579653
21.28,0.64381748
21.29,0.68504948
21.3,0.39161476
21.31,-3.1380829
21.32,-0.11237994
21.33,-0.1240707
21.34,1.1101245
21.35,-0.70727539
21.36,-1.575276
21.37,0.1160155
21.38,-2.7414852
21.39,1.5609677
21.4,-0.19282369
21.41,-0.139618
21.42,-1.7041148
21.43,-0.90170791
21.44,1.4969595
21.45,0.97784032
21.46,-1.2669698
21.47,-1.2330475
21.48,-0.77325776
21.49,-0.16051471
21.5,-0.57590598
21.51,0.88573956
21.52,-0.99740608
21.53,-0.28013751
21.54,-0.66944196
21.55,1.0661338
21.56,-1.5629925
21.57,0.070987058
21.58,-1.7694114
21.59,0.44447106
21.6,-0.76406296
21.61,0.43301178
21.62,-1.6146529
21.63,-1.1131965
21.64,-1.2549606
21.65,1.6412396
21.66,-0.10635192
21.67,-0.29386734
21.68,-1.028633
21.69,0.03076581
21.7,0.12845195
21.71,-1.5106299
21.72,-0.87062624
21.73,0.55141767
21.74,0.19977959
21.75,-0.36832966
21.76,-0.52825458
21.77,-0.44384319
21.78,-0.68414834
21.79,-0.94111177
21.8,-1.7278123
21.81,0.35733914
21.82,-0.32822176
21.83,1.8468806
21.84,-0.74415901
21.85,-1.167502
21.86,-2.3801857
21.87,-1.7527427
21.88,-0.37088863
21.89,-0.13969053
21.9,-0.40142885
21.91,-0.56612925
21.92,-0.6377296
21.93,0.12641841
21.94,0.55454005
21.95,-0.28928351
21.96,-1.8040886
21.97,4.0330039
21.98,0.087808268
21.99,-1.5344099
22,-3.0872451
22.01,0.47918574
22.02,-0.61042884
22.03,-1.0716762
22.04,-1.0887674
22.05,-0.77620803
22.06,1.0547263
22.07,0.89612808
22.08,-2.0053207
22.09,-1.8092076
22.1,0.99553959
22.11,-0.22540278
22.12,1.1964439
22.13,0.86164185
22.14,-0.013383162
22.15,-0.22834853
22.16,-1.2827029
22.17,-0.23150786
22.18,0.242016
22.19,-0.53734529
22.2,-1.8509354
22.21,-0.21582865
22.22,-1.698604
22.23,-0.47533173
22.24,-0.80799644
22.25,1.1002773
22.26,1.0238493
22.27,0.76050018
22.28,-1.2960744
22.29,-0.36657848
22.3,-6.7294987
22.31,-0.12594014
22.32,-2.3106928
22.33,-1.7358933
22.34,0.29994186
22.35,-0.074986621
22.36,0.88814985
22.37,0.19089801
22.38,-0.29035523
22.39,-2.0146349
22.4,1.4975775
22.41,0.74702466
22.42,1.7443993
22.43,-1.1275302
22.44,-0.44942717
22.45,-2.83118
22.46,0.038499915
22.47,-1.0523641
22.48,-0.76956482
22.49,-3.1386569
22.5,0.29145828
22.51,-3.17774
22.52,-0.74584277
22.53,-0.66026293
22.54,1.2840707
22.55,-1.6790689
22.56,-0.7510869
22.57,0.26067774
22.58,0.91357004
22.59,-0.37466282
22.6,-0.4619807
22.61,-0.27730819
22.62,0.80084324
22.63,-1.5590958
22.64,-0.48050986
22.65,0.78300262
22.66,-0.40727972
22.67,1.1555471
22.68,-1.0244837
22.69,-0.88670531
22.7,-2.2216254
22.71,-0.89920597
22.72,-0.8117788
22.73,-1.3053198
22.74,1.4480178
22.75,-0.27748525
22.76,-0.95916453
22.77,0.34087115
22.78,-1.8549068
22.79,1.8547228
22.8,-1.1753487
22.81,1.687175
22.82,0.10968673
22.83,-1.5245151
22.84,-0.69602269
22.85,2.5522189
22.86,-0.79296577
22.87,-1.3030206
22.88,0.074273575
22.89,-0.72308584
22.9,1.5021178
22.91,-1.1574166
22.92,-0.17613346
22.93,0.5930891
22.94,-1.1924331
22.95,-1.8306917
22.96,2.4078757
22.97,0.62842216
22.98,-0.71857798
22.99,-1.2292746
23,0.79062833
23.01,-0.49632532
23.02,-0.53399028
23.03,-0.03825655
23.04,-1.3911554
23.05,-2.1359759
23.06,-1.4609233
23.07,-0.90692074
23.08,1.4054191
23.09,1.3800019
23.1,-0.40498786
23.11,-0.53663919
23.12,-0.84959585
23.13,-1.6906464
23.14,-1.3319497
23.15,-1.0853916
23.16,-0.20242062
23.17,-0.30084946
23.18,0.56555865
23.19,0.10792868
23.2,1.8543989
23.21,-3.4620417
23.22,-0.34719809
23.23,-1.0641923
23.24,-0.20051526
23.25,-1.0056378
23.26,-0.82592356
23.27,-0.349231
23.28,-1.5839675
23.29,-0.70568443
23.3,-1.3645811
23.31,0.52291508
23.32,-2.1156892
23.33,-1.1968931
23.34,-2.5537113
23.35,1.3150942
23.36,-0.54282874
23.37,-2.4751765
23.38,1.2058062
23.39,-1.5633242
23.4,-0.71618411
23.41,-0.27258152
23.42,1.685891
23.43,-2.3002925
23.44,-0.68836275
23.45,0.62286142
23.46,-1.0024738
23.47,-1.5347029
23.48,-0.79027786
23.49,-0.62690333
23.5,-0.83642919
23.51,-0.54488074
23.52,-1.0911122
23.53,-1.7205153
23.54,3.8132899
23.55,-1.1514595
23.56,1.5034548
23.57,-0.56692248
23.58,-0.73309241
23.59,-0.25450715
23.6,0.20154693
23.61,1.0937027
23.62,-0.85901386
23.63,0.29038762
23.64,-1.2969256
23.65,0.11159955
23.66,-0.87151754
23.67,-3.0474716
23.68,-0.05252823
23.69,-1.0483032
23.7,1.7678178
23.71,-0.28330211
23.72,-2.0364699
23.73,-2.4697411
23.74,0.32002096
23.75,-0.77544538
23.76,-0.51572391
23.77,0.1376836
23.78,-1.2044924
23.79,-0.022416358
23.8,-0.68454744
23.81,-1.6416424
23.82,-1.1127816
23.83,2.0378848
23.84,1.7985208
23.85,-1.2823081
23.86,1.4456692
23.87,-0.097465849
23.88,-1.0499008
23.89,-0.20726011
23.9,1.1182248
23.91,-0.26379173
23.92,-0.58577939
23.93,-0.21629418
23.94,0.18522213
23.95,-0.32003918
23.96,-4.7359489
23.97,-2.3425694
23.98,-2.7295199
23.99,-1.535756
24,2.0516874
24.01,0.25099142
24.02,1.5287284
24.03,0.80083429
24.04,-0.43606051
24.05,0.13841263
24.06,1.4957655
24.07,-2.2745053
24.08,1.8491206
24.09,-0.17581637
24.1,-0.79780102
24.11,-1.9490712
24.12,0.80840598
24.13,-0.87931484
24.14,1.0771547
24.15,-1.1428924
24.16,0.42750131
24.17,-1.3240751
24.18,-0.058154184
24.19,-0.4507503
24.2,-1.9922116
24.21,-2.2666748
24.22,0.36552934
24.23,-1.8911711
24.24,2.1953155
24.25,-1.9724667
24.26,0.05451779
24.27,-1.5229796
24.28,0.23099982
24.29,0.9276121
24.3,-0.7209994
24.31,-0.76166169
24.32,0.52483968
24.33,1.545882
24.34,-1.8732863
24.35,1.1275867
24.36,-1.1658061
24.37,-0.072641534
24.38,-1.7564404
24.39,-3.1007793
24.4,-0.078208807
24.41,-0.67302593
24.42,1.5225911
24.43,0.7386798
24.44,0.67644508
24.45,-1.3659236
24.46,-0.93264626
24.47,-1.159247
24.48,-1.3504728
24.49,-1.2890257
24.5,-1.3471245
24.51,-1.1870062
24.52,-0.44408972
24.53,-1.7869361
24.54,0.75731685
24.55,-1.2972907
24.56,-0.88701831
24.57,-2.2655344
24.58,-1.7722616
24.59,-0.46361642
24.6,1.3224984
24.61,1.5115647
24.62,-0.21262834
24.63,-1.2979614
24.64,0.21936193
24.65,-0.22420802
24.66,-0.20143219
24.67,-1.6159944
24.68,2.4369768
24.69,-1.8545325
24.7,1.2233153
24.71,-0.97934702
24.72,-1.931671
24.73,-1.4792304
24.74,-0.95540855
24.75,-0.91679596
24.76,1.0547893
24.77,2.1888237
24.78,-2.4785177
24.79,1.6466106
24.8,-1.6240283
24.81,0.40225426
24.82,0.039202964
24.83,0.061735752
24.84,-0.61513145
24.85,0.28187081
24.86,-0.79903205
24.87,-0.96535749
24.88,2.1080823
24.89,0.77615951
24.9,1.559039
24.91,0.88007885
24.92,1.9603435
24.93,-1.4684906
24.94,-2.6161509
24.95,-0.71966028
24.96,-0.48338962
24.97,-0.19960092
24.98,0.71358377
24.99,-2.1824703
25,-0.12970004
25.01,-1.0090226
25.02,0.45114049
25.03,-0.94533508
25.04,-1.4076374
25.05,-1.5019518
25.06,-1.1610828
25.07,-2.0925782
25.08,-0.97504586
25.09,0.64703499
25.1,-1.495267
25.11,1.8220915
25.12,-0.11807011
25.13,-1.0876974
25.14,-0.73889326
25.15,-0.91639402
25.16,1.5161162
25.17,2.9881775
25.18,-1.8960456
25.19,-1.322992
25.2,-1.6449215
25.21,0.1145602
25.22,-3.0293284
25.23,-0.009529143
25.24,-0.89586664
25.25,-1.4465347
25.26,-1.4464562
25.27,0.54043484
25.28,1.303489
25.29,-1.60787
25.3,0.017698994
25.31,-1.0283402
25.32,-0.66297699
25.33,-2.6361859
25.34,3.6455819
25.35,-0.65545873
25.36,0.61319082
25.37,-0.66551836
25.38,1.5651937
25.39,-1.2342893
25.4,-1.1238128
25.41,-0.091089494
25.42,-0.00890513
25.43,1.121646
25.44,-1.1375655
25.45,-0.14248507
25.46,0.75256839
25.47,-0.74443129
25.48,-6.0284206
25.49,0.25902487
25.5,-1.3115071
25.51,0.72579583
25.52,3.279402
25.53,-1.6256797
25.54,-0.90871032
25.55,0.72915032
25.56,0.31610658
25.57,0.46656432
25.58,-2.6993757
25.59,-0.81111304
25.6,0.14401111
25.61,-1.7806587
25.62,1.8670232
25.63,-0.81865289
25.64,-0.98324725
25.65,0.38852007
25.66,-1.0685003
25.67,0.3116736
25.68,-0.94354446
25.69,-0.57648498
25.7,0.088599074
25.71,-0.29485496
25.72,-1.392636
25.73,0.058070966
25.74,-0.71589492
25.75,0.3541076
25.76,-0.92600698
25.77,-0.085682894
25.78,-0.69776496
25.79,1.4548192
25.8,0.44832651
25.81,-2.2794588
25.82,-0.50607226
25.83,0.88315892
25.84,-0.48480701
25.85,0.13576178
25.86,-0.84478679
25.87,-1.998602
25.88,-2.2363522
25.89,-0.52375393
25.9,-2.3818421
25.91,-1.449413
25.92,0.88964243
25.93,1.7680903
25.94,0.22527914
25.95,-0.77695011
25.96,-0.51290734
25.97,-1.2659888
25.98,-1.6552049
25.99,1.5570062
26,-1.0713454
26.01,0.69025425
26.02,-1.0751876
26.03,1.4642413
26.04,1.8885029
26.05,-0.42495465
26.06,-0.66844878
26.07,-0.98360697
26.08,-1.0504592
26.09,-0.96374746
26.1,-1.2941366
26.11,0.69035934
26.12,0.56290576
26.13,-0.17408927
26.14,-0.83958625
26.15,-1.086337
26.16,1.5155202
26.17,-1.2880961
26.18,-1.431131
26.19,-0.95893061
26.2,-0.019787564
26.21,0.54174179
26.22,0.92109691
26.23,-1.7840856
26.24,-0.6464727
26.25,1.1520258
26.26,0.18020502
26.27,-0.7173053
26.28,-0.82367131
26.29,-0.98348753
26.3,-1.3097433
26.31,-0.64857435
26.32,0.090974146
26.33,-1.905168
26.34,-0.67884458
26.35,0.64685053
26.36,-0.43958404
26.37,-0.10626411
26.38,-1.0760659
26.39,-1.3109924
26.4,0.36606611
26.41,-1.2453318
26.42,0.78458782
26.43,-1.5720278
26.44,-1.2901322
26.45,-0.77827036
26.46,-1.5864571
26.47,-0.49699239
26.48,-1.2720451
26.49,1.5836336
26.5,-1.4434615
26.51,-2.494631
26.52,0.47225582
26.53,-0.57227102
26.54,-1.1877716
26.55,1.3391643
26.56,-1.2704267
26.57,-0.16149567
26.58,-0.6484595
26.59,-2.0832886
26.6,-1.0489619
26.61,-0.30370293
26.62,-0.6021527
26.63,1.8225316
26.64,-1.1464484
26.65,-0.53582194
26.66,-2.0589217
26.67,0.68499042
26.68,-1.5918613
26.69,-0.98009784
26.7,-0.22389447
26.71,-0.092921894
26.72,-1.0301951
26.73,-0.96594695
26.74,-0.98785136
26.75,0.53608564
26.76,-0.15643301
26.77,-0.61235455
26.78,0.95420283
26.79,1.5409644
26.8,-0.9211801
26.81,-0.60075346
26.82,-0.17424441
26.83,-0.48486712
26.84,0.30407732
26.85,0.71017095
26.86,0.88397881
26.87,-1.0549806
26.88,-2.1901399
26.89,-0.65057416
26.9,-0.15409567
26.91,-1.7582777
26.92,-0.49922086
26.93,-0.98238684
26.94,-0.66431952
26.95,-1.4677218
26.96,0.16822367
26.97,1.6872279
26.98,0.38075107
26.99,1.3674044
27,-0.27098952
27.01,0.25509971
27.02,-0.47157287
27.03,-0.89192053
27.04,-0.025519552
27.05,0.5399561
27.06,0.068440267
27.07,-0.70502706
27.08,-0.80841717
27.09,-1.586352
27.1,-1.7217177
27.11,0.43630592
27.12,-1.7798111
27.13,1.4315423
27.14,-1.4748544
27.15,0.83787427
27.16,-1.8214883
27.17,-0.64390007
27.18,-0.82464505
27.19,1.5414924
27.2,-0.47483683
27.21,-1.4313555
27.22,-0.74215771
27.23,-2.6833164
27.24,-0.98964583
27.25,-1.3549099
27.26,-0.066235335
27.27,-1.3104224
27.28,-2.1363217
27.29,0.24553599
27.3,-0.83428968
27.31,1.171015
27.32,-0.97554633
27.33,-0.85346093
27.34,-0.54706198
27.35,0.29021532
27.36,-0.93819262
27.37,1.9891631
27.38,-0.85612245
27.39,-0.83862719
27.4,-1.5502768
27.41,1.2934814
27.42,0.46862315
27.43,-0.2845389
27.44,-0.73779151
27.45,-2.1154816
27.46,-0.55943892
27.47,0.37060938
27.48,-1.301298
27.49,1.5770248
27.5,-0.79574719
27.51,-1.0139029
27.52,1.0785716
27.53,-2.7198296
27.54,0.036942038
27.55,-1.8321087
27.56,1.547441
27.57,1.5565185
27.58,1.6097251
27.59,0.72012433
27.6,0.48066337
27.61,-1.2711506
27.62,-2.1325712
27.63,0.014063767
27.64,-1.2849547
27.65,1.4849514
27.66,-2.0409531
27.67,-1.5950478
27.68,-0.9287353
27.69,-0.49331909
27.7,-2.1621745
27.71,-1.6217322
27.72,-0.86234063
27.73,-0.61049344
27.74,-0.18985479
27.75,-1.1706767
27.76,-0.88283025
27.77,-2.3553959
27.78,-1.2300428
27.79,0.16768004
27.8,1.1022391
27.81,-0.000380756
27.82,-2.5711373
27.83,-2.2225435
27.84,-0.90153842
27.85,-0.29020977
27.86,-1.5007842
27.87,0.34376439
27.88,-1.573103
27.89,-0.66393937
27.9,0.013182577
27.91,-0.74039382
27.92,-1.0303369
27.93,-2.7869191
27.94,0.24728067
27.95,-0.734067
27.96,0.3161342
27.97,0.69102499
27.98,-0.65791083
27.99,-0.92409218
28,-2.3589219
28.01,-1.0638952
28.02,-0.26134499
28.03,0.060703764
28.04,-0.58899525
28.05,1.3886362
28.06,1.9170472
28.07,1.9041242
28.08,0.41428848
28.09,-1.0729876
28.1,-0.14338433
28.11,-1.7996218
28.12,-0.44025729
28.13,0.67822668
28.14,-1.0360074
28.15,-1.7071109
28.16,-1.4351519
28.17,-0.35488202
28.18,0.023778917
28.19,2.5674542
28.2,-2.0979911
28.21,0.72655193
28.22,0.44261018
28.23,0.97112852
28.24,-0.35301727
28.25,-2.1589442
28.26,-1.9906866
28.27,0.59631541
28.28,0.15985175
28.29,1.2850627
28.3,0.85877977
28.31,-0.16537464
28.32,1.386386
28.33,0.37003998
28.34,-1.0124563
28.35,1.552375
28.36,-0.46475303
28.37,-0.39490182
28.38,-1.466322
28.39,0.22250061
28.4,0.61347353
28.41,1.566449
28.42,0.04706607
28.43,-1.4730248
28.44,-0.82218861
28.45,-2.2998921
28.46,1.561335
28.47,-1.5551764
28.48,0.61194452
28.49,-1.3059093
28.5,-1.4155994
28.51,-0.60563204
28.52,1.4573438
28.53,-0.96625036
28.54,-3.5226906
28.55,-1.6115529
28.56,-0.74410012
28.57,-0.72909849
28.58,-0.069251999
28.59,-1.5643571
28.6,-2.9348553
28.61,-1.9750985
28.62,-1.1492478
28.63,-0.39765727
28.64,1.2513178
28.65,0.44278411
28.66,-2.4858088
28.67,-0.023095144
28.68,1.2747581
28.69,-0.23414045
28.7,-1.3379132
28.71,-0.5176889
28.72,-2.214337
28.73,-0.83698393
28.74,-1.4669325
28.75,-0.30854895
28.76,0.69868822
28.77,-1.022412
28.78,-2.2772746
28.79,0.66257464
28.8,1.4613696
28.81,1.8257027
28.82,0.1524721
28.83,-1.9546481
28.84,-1.0305148
28.85,0.22095636
28.86,1.4069724
28.87,-0.63889239
28.88,-1.7641346
28.89,-1.1084799
28.9,-0.183241
28.91,-0.81759983
28.92,0.16558283
28.93,-1.7805752
28.94,-1.8107437
28.95,-2.8394798
28.96,-0.33848715
28.97,-3.0218298
28.98,-2.2855731
28.99,-1.3285524
29,1.4666195
29.01,-1.2050371
29.02,-0.62216902
29.03,1.6583538
29.04,1.6944427
29.05,-1.4732763
29.06,1.3591755
29.07,-2.1357048
29.08,0.59404838
29.09,-1.2268479
29.1,1.9979188
29.11,-0.24119515
29.12,1.7587573
29.13,-1.6191966
29.14,0.88792541
29.15,-0.69766995
29.16,-1.292827
29.17,-1.0129305
29.18,-1.4369871
29.19,0.14690301
29.2,-0.78355421
29.21,-1.607803
29.22,0.077462031
29.23,0.26772844
29.24,1.1838403
29.25,0.90032786
29.26,0.22599959
29.27,-0.6009055
29.28,0.9643183
29.29,-2.3488324
29.3,-0.62848028
29.31,-0.05460984
29.32,-0.31163585
29.33,-1.1860029
29.34,-1.9922055
29.35,-1.0946951
29.36,1.4727018
29.37,-0.85401434
29.38,0.65232382
29.39,-0.16721068
29.4,-0.6833535
29.41,-2.1172722
29.42,-2.9530139
29.43,-0.80798584
29.44,3.4504552
29.45,-1.7681684
29.46,-1.9182484
29.47,-0.18313721
29.48,-0.091801969
29.49,0.32236803
29.5,0.98873821
29.51,-0.10013184
29.52,0.182705
29.53,-1.0948023
29.54,-0.90509546
29.55,-3.5241567
29.56,-0.10468747
29.57,-1.1298207
29.58,1.33634
29.59,1.150241
29.6,0.16015901
29.61,-3.9010189
29.62,-0.4222731
29.63,-2.3341196
29.64,-0.26010748
29.65,-1.3109812
29.66,-0.84150845
29.67,1.3961496
29.68,0.89246918
29.69,-2.5426937
29.7,-0.78373548
29.71,-0.89143219
29.72,-1.1663483
29.73,0.74659643
29.74,-0.83697318
29.75,-1.389282
29.76,-2.0552117
29.77,1.016964
29.78,-1.0632015
29.79,-1.0337006
29.8,0.87066948
29.81,1.3105225
29.82,-1.7271401
29.83,-0.32559844
29.84,-2.0475652
29.85,1.9018548
29.86,-1.7599703
29.87,-0.026192986
29.88,-1.4547185
29.89,-1.6179952
29.9,-0.64593065
29.91,-1.259319
29.92,-2.1418501
29.93,1.3682394
29.94,4.0963767
29.95,0.92296282
29.96,-1.4010531
29.97,-1.8022838
29.98,1.2631719
29.99,-0.72699313
30,-0.81023283
30.01,-2.0378233
30.02,-1.1403671
30.03,0.2217222
30.04,-0.90040793
30.05,-1.4946872
30.06,-0.011771811
30.07,0.040410249
30.08,-1.6450523
30.09,2.0683376
30.1,-0.16573684
30.11,2.049021
30.12,1.3149743
30.13,-0.001779238
30.14,0.16104328
30.15,-0.92213837
30.16,-1.6629053
30.17,0.53011325
30.18,-2.140325
30.19,0.96260711
30.2,-0.99483921
30.21,-1.2451488
30.22,0.23319141
30.23,-0.31443747
30.24,-0.30385646
30.25,0.91735736
30.26,-0.81201112
30.27,-1.1501143
30.28,-0.1052515
30.29,-0.63441291
30.3,-0.007108648
30.31,0.0726772
30.32,0.81892814
30.33,1.0558816
30.34,0.051716159
30.35,-0.55688652
30.36,-1.2092348
30.37,-0.73107071
30.38,0.63533597
30.39,-0.041027274
30.4,1.3937469
30.41,0.71666566
30.42,0.50123397
30.43,-0.74514153
30.44,-1.1155984
30.45,0.46114339
30.46,1.0091688
30.47,-2.03766
30.48,-1.5770109
30.49,0.73591732
30.5,1.8867641
30.51,-0.84769107
30.52,-1.4512558
30.53,2.0192537
30.54,0.070698773
30.55,-0.13905919
30.56,-1.1767852
30.57,-1.7117111
30.58,-1.026873
30.59,0.97286139
30.6,-0.83289535
30.61,0.21139598
30.62,-1.3494335
30.63,-0.98748705
30.64,0.23393412
30.65,-0.81009162
30.66,-0.52016299
30.67,-2.0249434
30.68,-1.3368323
30.69,0.27359734
30.7,-1.6865144
30.71,-0.56142675
30.72,1.2036925
30.73,-0.83015781
30.74,-1.1156909
30.75,0.65196751
30.76,3.60833
30.77,-1.1681051
30.78,-1.4093362
30.79,-1.7291626
30.8,-0.05515765
30.81,-1.6145128
30.82,-0.80154862
30.83,-1.7591026
30.84,0.56978627
30.85,0.20228621
30.86,-2.9022926
30.87,0.51111526
30.88,-0.23986681
30.89,-1.2192959
30.9,0.32296305
30.91,-0.529419
30.92,-1.1674183
30.93,-1.0320965
30.94,-0.24591966
30.95,-1.7450834
30.96,-1.5976588
30.97,1.1032674
30.98,-0.82537038
30.99,-2.2509315
31,0.76512321
31.01,-0.12747319
31.02,-2.4595932
31.03,2.2610523
31.04,-0.90039371
31.05,-0.27999563
31.06,1.166981
31.07,-1.7364914
31.08,0.8441926
31.09,-0.91931844
31.1,-1.0855894
31.11,-1.0387992
31.12,-0.70659824
31.13,0.15307611
31.14,1.6752979
31.15,0.63914876
31.16,1.2203045
31.17,0.93093676
31.18,-1.0151678
31.19,4.2616464
31.2,-1.0414369
31.21,-1.6373151
31.22,0.76154254
31.23,-3.1075674
31.24,-1.6939583
31.25,-2.089921
31.26,-2.1239719
31.27,-1.5538344
31.28,-0.54303372
31.29,-1.0825027
31.3,-0.89394966
31.31,-1.1351239
31.32,-0.94517305
31.33,-1.2535608
31.34,-0.42529819
31.35,-0.30681838
31.36,-1.0471275
31.37,-1.6425657
31.38,-0.86327731
31.39,-1.170113
31.4,-0.43321745
31.41,-0.64825676
31.42,-1.653888
31.43,-0.8171001
31.44,-0.25578871
31.45,-0.26941126
31.46,-0.82946204
31.47,-1.087508
31.48,-2.0039883
31.49,0.034884024
31.5,-0.10750309
31.51,-1.2166807
31.52,-0.29258814
31.53,-0.54693389
31.54,-0.24069292
31.55,0.15796474
31.56,-0.61926995
31.57,-0.2673461
31.58,-0.13303405
31.59,0.75660741
31.6,0.10439034
31.61,-0.15937348
31.62,-1.5228825
31.63,0.35882782
31.64,-0.55669601
31.65,-0.06398762
31.66,-2.7627317
31.67,-1.5008938
31.68,-0.68926489
31.69,-0.295513
31.7,-0.92509185
31.71,-0.50905815
31.72,-0.52427199
31.73,-1.6325735
31.74,0.2192728
31.75,-0.71331954
31.76,-0.64622795
31.77,-1.1815953
31.78,-0.67651594
31.79,0.017491347
31.8,0.47629506
31.81,-1.4739661
31.82,-2.1075611
31.83,-1.2253234
31.84,-1.702696
31.85,-2.215749
31.86,-1.0181288
31.87,0.13150088
31.88,-1.5343302
31.89,-2.1264591
31.9,-0.70029609
31.91,-2.1520082
31.92,0.46594366
31.93,-1.2894092
31.94,-1.2484006
31.95,-3.3918306
31.96,-2.2496882
31.97,-1.5127532
31.98,0.40084562
31.99,1.8126166
32,-2.5658277
32.01,-1.6618135
32.02,-0.22416554
32.03,-0.91922048
32.04,-0.05007954
32.05,1.2697831
32.06,-0.48594496
32.07,0.22946277
32.08,0.14617092
32.09,-1.9037518
32.1,0.79522699
32.11,-0.24049154
32.12,1.1179145
32.13,-0.43190266
32.14,-0.25400988
32.15,-1.3369326
32.16,0.090335678
32.17,-0.64014506
32.18,-1.2975717
32.19,-0.99663954
32.2,-0.38777093
32.21,-0.13316085
32.22,-0.005843135
32.23,-1.7620752
32.24,-2.3839582
32.25,-1.0437446
32.26,-1.5028503
32.27,-1.6722675
32.28,-0.003353045
32.29,-0.71581847
32.3,-0.072885911
32.31,-0.79071933
32.32,-0.076217032
32.33,-0.35915885
32.34,-1.0023902
32.35,-0.013217064
32.36,0.61211737
32.37,0.14844723
32.38,0.088786735
32.39,-0.69449563
32.4,-2.878857
32.41,-1.0091216
32.42,0.39063475
32.43,-0.30752851
32.44,-0.73170396
32.45,0.26722609
32.46,0.3497752
32.47,-0.8850417
32.48,0.58492371
32.49,-2.2317863
32.5,0.63866797
32.51,-0.69013103
32.52,0.26139829
32.53,-0.18001176
32.54,-2.7239201
32.55,0.64726708
32.56,-0.83904668
32.57,-0.42380836
32.58,-1.5731971
32.59,-0.20887647
32.6,-0.35242334
32.61,0.59358135
32.62,0.14279658
32.63,-0.96689849
32.64,-0.50911729
32.65,0.45731399
32.66,-0.2895578
32.67,-0.77111395
32.68,-2.4416272
32.69,-0.97433377
32.7,-0.90559706
32.71,-0.24822555
32.72,0.8228592
32.73,-2.4741845
32.74,-0.84340685
32.75,-0.48148813
32.76,-1.2787739
32.77,-1.1035968
32.78,-2.7604703
32.79,-1.9020856
32.8,-2.0467285
32.81,0.035115987
32.82,0.84507122
32.83,-1.7792213
32.84,-0.71469492
32.85,-1.5449719
32.86,-0.60637115
32.87,-1.3830602
32.88,-0.073196314
32.89,-0.9308484
32.9,-0.17380958
32.91,0.019884195
32.92,-0.57091559
32.93,-0.40862849
32.94,-0.37599676
32.95,0.38517924
32.96,-0.083365009
32.97,-2.1286319
32.98,-1.2733734
32.99,-0.59625954
33,-0.22585412
33.01,-0.33340501
33.02,-1.433381
33.03,-1.1910246
33.04,-0.64811242
33.05,-0.68859379
33.06,-0.43233519
33.07,-0.59565669
33.08,-0.221889
33.09,-0.52733737
33.1,0.17159453
33.11,-0.87127164
33.12,-0.66444138
33.13,-0.58815847
33.14,-0.084942389
33.15,-1.0205411
33.16,0.31286476
33.17,-0.28875076
33.18,-0.91716472
33.19,-0.46171619
33.2,-0.65590021
33.21,-0.77957462
33.22,-0.40638233
33.23,-0.52088797
33.24,-0.77428148
33.25,-1.1379177
33.26,-0.726543
33.27,-0.49801288
33.28,-0.2017416
33.29,-0.82555523
33.3,-0.44567411
33.31,-1.6228318
33.32,0.44592217
33.33,-0.76716614
33.34,-0.53154513
33.35,-0.59911187
33.36,-0.84150524
33.37,-0.48834966
33.38,-0.57032612
33.39,-0.11798138
33.4,-0.2260899
33.41,-1.1953274
33.42,-0.8434476
33.43,-0.84292969
33.44,-1.3877277
33.45,-1.2663335
33.46,-2.3510375
33.47,-1.3861271
33.48,-0.2351446
33.49,-1.846923
33.5,-0.46801096
33.51,0.09074211
33.52,-0.94432654
33.53,-0.069378262
33.54,0.19068952
33.55,-0.75668604
33.56,-3.4477298
33.57,-0.67033625
33.58,-1.8672065
33.59,-1.3618508
33.6,1.076857
33.61,-1.1241344
33.62,-0.48339259
33.63,-0.38850372
33.64,-0.41572672
33.65,-0.8338845
33.66,-1.8083886
33.67,-0.31282262
33.68,-1.382204
33.69,-1.5088446
33.7,-0.92073905
33.71,-0.96119219
33.72,0.55115322
33.73,-0.44206284
33.74,-0.02390781
33.75,-0.92633899
33.76,-0.5725717
33.77,-0.99590147
33.78,-2.2685879
33.79,-0.74482502
33.8,-0.18424603
33.81,-1.2350808
33.82,-1.3811628
33.83,-1.2940075
33.84,-0.65221343
33.85,-0.67100276
33.86,-0.49781851
33.87,-1.7081574
33.88,-0.39122997
33.89,-0.45999534
33.9,-0.52883435
33.91,-0.83081639
33.92,-0.84961291
33.93,0.29830615
33.94,-0.71579807
33.95,-0.40841448
33.96,-0.30880595
33.97,0.49745835
33.98,-1.3595007
33.99,-0.67378611
34,-1.076052
34.01,0.13937448
34.02,-1.429643
34.03,0.11261006
34.04,-0.16605519
34.05,0.54695163
34.06,-1.9659559
34.07,-0.42819604
34.08,-0.73069566
34.09,-0.20447261
34.1,-0.95420121
34.11,0.23779686
34.12,-0.45066205
34.13,0.42364365
34.14,-2.2302832
34.15,0.45093399
34.16,-1.3312931
34.17,-0.55409499
34.18,-1.4249054
34.19,-0.61273018
34.2,0.23530978
34.21,-0.4389208
34.22,-0.033688854
34.23,1.1787712
34.24,-1.0296099
34.25,1.5542084
34.26,-1.2155351
34.27,0.75917364
34.28,-2.7605399
34.29,0.81671094
34.3,-0.041860109
34.31,-0.29529689
34.32,-1.4890824
34.33,0.43669453
34.34,0.36389425
34.35,1.2051202
34.36,-0.61668435
34.37,-2.8596916
34.38,-0.9403487
34.39,-0.88055955
34.4,0.29034786
34.41,-1.3379783
34.42,0.054211072
34.43,-0.777717
34.44,-0.80051208
34.45,-1.1933959
34.46,-0.030118076
34.47,-1.5853615
34.48,-0.44608477
34.49,-0.31984436
34.5,0.85709122
34.51,-1.4391136
34.52,-1.0269101
34.53,0.34039822
34.54,-0.5087845
34.55,-1.3281708
34.56,0.34617534
34.57,-1.6717022
34.58,0.00088212
34.59,-0.98233877
34.6,-0.81995476
34.61,-1.9914169
34.62,0.26580553
34.63,-1.1405196
34.64,-0.66992148
34.65,-2.0618232
34.66,-1.1453621
34.67,-0.67266554
34.68,-1.229696
34.69,-0.15447879
34.7,0.075723642
34.71,0.63416001
34.72,-0.70656936
34.73,0.14518406
34.74,-1.2776109
34.75,-0.53127641
34.76,1.3136814
34.77,-1.2705185
34.78,-2.237223
34.79,-0.039456001
34.8,-1.5412286
34.81,-0.10738223
34.82,1.1772809
34.83,0.2862111
34.84,-0.65004843
34.85,0.45949141
34.86,-0.13065815
34.87,-0.42165635
34.88,-0.40379961
34.89,0.51053906
34.9,0.17397059
34.91,0.11041975
34.92,-0.03803603
34.93,-1.5136409
34.94,-2.1364955
34.95,-1.9207069
34.96,-1.6486626
34.97,-1.6995528
34.98,0.58480837
34.99,-0.49285234
35,-0.50938856
35.01,0.87432902
35.02,-0.39308765
35.03,-0.070448943
35.04,-0.10039091
35.05,-0.68703345
35.06,-0.91380366
35.07,-0.064799779
35.08,-0.31712082
35.09,-0.47992743
35.1,-0.47642742
35.11,-0.53421005
35.12,0.18204111
35.13,-0.63558749
35.14,-0.086781458
35.15,-0.31520711
35.16,-2.1554328
35.17,-1.069256
35.18,-1.0520876
35.19,-0.42837206
35.2,0.77025027
35.21,-0.35412588
35.22,-0.13166758
35.23,0.51652056
35.24,-0.44130918
35.25,-0.090889958
35.26,0.67706082
35.27,0.6329274
35.28,0.11741031
35.29,2.1023429
35.3,1.3583247
35.31,1.279868
35.32,0.22164272
35.33,0.88673553
35.34,0.46718519
35.35,0.1362529
35.36,-1.328559
35.37,-0.051338294
35.38,-1.0825668
35.39,-0.48862046
35.4,-0.64017795
35.41,0.095953374
35.42,-0.83164964
35.43,-1.2623975
35.44,-0.32123648
35.45,-0.36042525
35.46,-0.066623235
35.47,0.83650346
35.48,-1.3526364
35.49,-0.67769347
35.5,0.13130611
35.51,-0.065355618
35.52,0.089592038
35.53,0.74704977
35.54,0.32812413
35.55,-0.51279825
35.56,0.67932611
35.57,0.7503787
35.58,1.0604939
35.59,0.7187134
35.6,0.82773324
35.61,0.36725597
35.62,-0.54120731
35.63,1.0390119
35.64,1.0986358
35.65,0.71883054
35.66,0.25555271
35.67,0.15588953
35.68,0.78073482
35.69,0.73757152
35.7,0.58375374
35.71,-0.026141831
35.72,1.0033911
35.73,-0.30189578
35.74,-1.082852
35.75,-0.29185965
35.76,0.45176021
35.77,-1.1907669
35.78,0.75777436
35.79,-0.30542179
35.8,-0.15610986
35.81,0.7152664
35.82,0.18412179
35.83,0.77837762
35.84,0.6319833
35.85,0.3183924
35.86,0.84415708
35.87,1.4487562
35.88,-0.11991932
35.89,0.95342111
35.9,1.3021119
35.91,0.38844361
35.92,0.89748488
35.93,-1.7321002
35.94,0.35441098
35.95,-2.699398
35.96,0.10367678
35.97,-0.26920205
35.98,-0.062480178
35.99,0.69824741
36,0.63748447
36.01,-0.27478262
36.02,0.41565607
36.03,-0.48830352
36.04,0.1910768
36.05,-0.3519844
36.06,1.8895274
36.07,0.69651254
36.08,0.20712176
36.09,-0.06871599
36.1,-0.10384665
36.11,0.062904804
36.12,-0.71412056
36.13,-0.1850579
36.14,-0.030239126
36.15,0.17627062
36.16,-0.11034098
36.17,-0.24999808
36.18,0.14165566
36.19,-0.022124514
36.2,-0.035604086
36.21,-0.10134628
36.22,-0.22933933
36.23,-0.65039479
36.24,-0.59116689
36.25,-0.37231146
36.26,-0.20994403
36.27,-0.004095479
36.28,-0.192911
36.29,-0.95535959
36.3,-0.70256695
36.31,-0.56086266
36.32,-0.77538034
36.33,-1.2284052
36.34,-0.6403399
36.35,-0.541234
36.36,-0.29749899
36.37,-0.15218251
36.38,-0.092181158
36.39,-0.17139632
36.4,-0.84925103
36.41,-0.42877829
36.42,-0.47784497
36.43,-0.98401377
36.44,-0.18691279
36.45,-0.9175788
36.46,-0.27999474
36.47,-0.85807014
36.48,-1.2020714
36.49,0.10842535
36.5,-0.004271531
36.51,-0.49062509
36.52,-1.1128967
36.53,-0.097520496
36.54,0.12799871
36.55,-1.5487845
36.56,-0.12328725
36.57,-1.7748234
36.58,-0.86809679
36.59,-2.0922863
36.6,-0.18390427
36.61,-0.72762108
36.62,-0.45745201
36.63,-0.2909666
36.64,-0.054995779
36.65,-0.063392341
36.66,-0.65737315
36.67,-0.82062489
36.68,-1.5302142
36.69,-0.30264154
36.7,0.12270989
36.71,-0.66373282
36.72,-0.53424535
36.73,-4.3750582
36.74,-0.97810719
36.75,0.20389157
36.76,-1.8980462
36.77,-1.1471062
36.78,-0.41944331
36.79,-0.71515369
36.8,0.60730894
36.81,-0.15664689
36.82,-0.92108372
36.83,0.38086383
36.84,-0.22051727
36.85,0.37043006
36.86,0.48514956
36.87,-0.18781253
36.88,1.0841209
36.89,-0.92079593
36.9,0.34955093
36.91,0.45454035
36.92,0.64236874
36.93,0.52073772
36.94,-0.82656288
36.95,0.37235252
36.96,-0.86098671
36.97,0.43139283
36.98,-0.43175508
36.99,0.29601288
37,-1.6427332
37.01,0.21406349
37.02,0.53472824
37.03,0.46103801
37.04,-0.61192804
37.05,0.80628854
37.06,-0.42770994
37.07,-0.13242519
37.08,0.61591275
37.09,-0.54601918
37.1,-0.39469901
37.11,-0.51094556
37.12,-0.67416482
37.13,0.36285455
37.14,-0.15215705
37.15,-0.63795797
37.16,0.82542607
37.17,0.32287941
37.18,-0.71277232
37.19,0.24153511
37.2,-0.67695204
37.21,-0.45807778
37.22,0.95209962
37.23,0.59291906
37.24,-0.5699848
37.25,-0.4035602
37.26,-0.70425837
37.27,-0.73538614
37.28,-0.48182761
37.29,-1.1667096
37.3,0.00904445
37.31,-1.0426494
37.32,-0.12904271
37.33,-1.3221405
37.34,-0.52836582
37.35,-0.20440437
37.36,-0.7573114
37.37,-0.27984365
37.38,-0.33838943
37.39,-0.40565048
37.4,-0.020328748
37.41,-0.85655298
37.42,0.67219462
37.43,0.052680951
37.44,0.037219228
37.45,-0.94678233
37.46,-0.96444124
37.47,-1.340034
37.48,-0.70032354
37.49,-2.5246141
37.5,-0.89557986
37.51,0.4281894
37.52,0.26849039
37.53,-0.96527849
37.54,-0.84346666
37.55,-2.1287182
37.56,-0.90791656
37.57,-1.8604516
37.58,0.080011152
37.59,-0.16517007
37.6,-1.9118851
37.61,-0.77809118
37.62,-0.66928726
37.63,0.29427707
37.64,-0.3236628
37.65,-0.083601766
37.66,-0.12979261
37.67,-1.0274483
37.68,0.55883586
37.69,-0.9502314
37.7,-0.73007247
37.71,-1.052167
37.72,-2.0859596
37.73,-1.5925409
37.74,-0.77458861
37.75,0.01372627
37.76,-1.514399
37.77,-0.077356076
37.78,0.23822449
37.79,-1.2943909
37.8,0.080372444
37.81,-0.56393067
37.82,-0.81291577
37.83,-0.62246129
37.84,-1.1825881
37.85,-1.1771355
37.86,0.12979602
37.87,-0.62046693
37.88,-0.45707779
37.89,0.058183178
37.9,-0.41882818
37.91,0.57102794
37.92,0.36746414
37.93,0.56777239
37.94,1.5369314
37.95,0.99986367
37.96,1.8079965
37.97,0.13557376
37.98,1.9966961
37.99,1.1845751
38,-0.041856576
38.01,0.92756983
38.02,0.64215154
38.03,1.1904736
38.04,-0.45715175
38.05,-0.37749914
38.06,0.2989695
38.07,1.0118184
38.08,0.25211263
38.09,-0.40587288
38.1,0.4366053
38.11,-2.3764278
38.12,1.2695876
38.13,0.56718671
38.14,1.1195938
38.15,0.64935202
38.16,1.1131023
38.17,-1.2458372
38.18,0.5149305
38.19,-0.9570486
38.2,-1.0104348
38.21,0.11705968
38.22,-4.4863068
38.23,-0.45517626
38.24,0.14626735
38.25,-0.99290432
38.26,-0.40968799
38.27,-3.0182078
38.28,-0.04630357
38.29,0.21316345
38.3,-1.4526822
38.31,-0.10892758
38.32,-0.70836318
38.33,1.202385
38.34,-0.063462854
38.35,-0.2099766
38.36,0.064019062
38.37,-0.50399487
38.38,0.77105824
38.39,0.49205504
38.4,0.004910192
38.41,0.27023595
38.42,-1.1877592
38.43,-0.80322714
38.44,0.30142015
38.45,-5.1480379
38.46,-1.1098967
38.47,1.3358226
38.48,0.51716124
38.49,2.0810226
38.5,0.44248329
38.51,-0.050916166
38.52,0.15509644
38.53,0.21035446
38.54,2.2514249
38.55,-0.85417475
38.56,1.3066284
38.57,-0.56874282
38.58,-0.44220721
38.59,0.83657978
38.6,-1.054662
38.61,0.36615524
38.62,2.9522929
38.63,1.1648419
38.64,0.51768651
38.65,0.68324719
38.66,-1.0395358
38.67,2.4973264
38.68,0.034856355
38.69,-2.3455146
38.7,0.8518677
38.71,2.5009437
38.72,-0.38124877
38.73,0.21790218
38.74,0.71236007
38.75,1.4782053
38.76,-0.89309507
38.77,0.1242361
38.78,0.39925733
38.79,-0.14650501
38.8,0.67708463
38.81,-1.282349
38.82,0.18246738
38.83,-0.62741695
38.84,-0.8605615
38.85,0.95437605
38.86,1.2643857
38.87,0.2088876
38.88,1.2799905
38.89,0.78166501
38.9,-1.4512717
38.91,-0.99083953
38.92,-0.56125998
38.93,-1.4346149
38.94,-1.2348532
38.95,-1.1445422
38.96,0.25640787
38.97,-1.4198347
38.98,-0.29875696
38.99,-0.61158584
39,-0.78102228
39.01,-1.1193946
39.02,-1.0404274
39.03,-0.68740459
39.04,-0.64960339
39.05,0.90236136
39.06,-0.051424033
39.07,0.30955268
39.08,0.034284423
39.09,-0.07506956
39.1,-0.16623876
39.11,0.094211165
39.12,-0.067435492
39.13,0.63827935
39.14,0.25128206
39.15,-0.75679071
39.16,0.24541873
39.17,-0.30507611
39.18,1.2689946
39.19,-1.3091405
39.2,0.46419853
39.21,0.71362661
39.22,1.4950011
39.23,-0.67160825
39.24,-0.97695562
39.25,1.3774891
39.26,0.47028825
39.27,0.92042259
39.28,-0.003542984
39.29,0.44485076
39.3,-1.1002079
39.31,-0.57375849
39.32,1.5425401
39.33,-0.50399815
39.34,1.0757942
39.35,-0.62499222
39.36,0.71685447
39.37,-0.39376232
39.38,-2.0250582
39.39,0.510938
39.4,0.68258786
39.41,-0.53774124
39.42,-0.93919603
39.43,-1.1139784
39.44,-0.064163708
39.45,-0.27237133
39.46,-0.72174455
39.47,-1.4903707
39.48,-0.27207958
39.49,-0.5634995
39.5,-0.63785107
39.51,-1.0552714
39.52,-0.33360176
39.53,-1.2312705
39.54,-0.57751632
39.55,-0.15078521
39.56,-0.82739225
39.57,-0.52559801
39.58,-0.087723853
39.59,-0.80881988
39.6,-0.51962424
39.61,-0.36685833
39.62,-0.4149386
39.63,-0.61580575
39.64,-1.3622981
39.65,-0.91990641
39.66,-0.40618718
39.67,-0.9168714
39.68,-0.28784748
39.69,-0.55330807
39.7,-0.66399794
39.71,-0.55346964
39.72,-0.72539397
39.73,-0.53499948
39.74,-0.47563514
39.75,-1.8050305
39.76,0.52683473
39.77,-5.0922613
39.78,-0.87833144
39.79,-1.5695109
39.8,-1.0207129
39.81,-0.18474354
39.82,-0.13687987
39.83,0.16812266
39.84,0.4280568
39.85,-0.65129818
39.86,-0.93207476
39.87,0.49877281
39.88,-0.3470163
39.89,-0.42915509
39.9,0.13157451
39.91,0.2409444
39.92,-0.29952792
39.93,-0.1750037
39.94,0.069392701
39.95,-0.028479231
39.96,0.98767207
39.97,0.78548993
39.98,0.022513396
39.99,-0.83969373
40,-0.48410033
40.01,0.25713357
40.02,0.73048515
40.03,0.51085198
40.04,0.11398347
40.05,-1.1058333
40.06,-0.65740348
40.07,0.49247261
40.08,-0.7716297
40.09,1.0493214
40.1,0.99132615
40.11,-0.91081258
40.12,0.89350084
40.13,1.5973259
40.14,0.34423618
40.15,0.94848449
40.16,1.5031971
40.17,1.8569105
40.18,0.24765896
40.19,1.1064339
40.2,1.1784176
40.21,1.3405709
40.22,0.55189741
40.23,1.2620395
40.24,0.9767185
40.25,-0.15123944
40.26,1.031575
40.27,-1.0952579
40.28,0.069774013
40.29,0.052855604
40.3,-0.38004807
40.31,-1.0526544
40.32,-1.1610479
40.33,0.82556683
40.34,1.2024422
40.35,0.17453927
40.36,-0.39171975
40.37,-0.36333345
40.38,0.16790299
40.39,-0.080047223
40.4,0.38144218
40.41,-0.07601002
40.42,0.79785386
40.43,0.23385465
40.44,-0.048819798
40.45,-0.024437852
40.46,1.6317094
40.47,0.10674814
40.48,1.922481
40.49,2.2989998
40.5,1.2230654
40.51,1.8879595
40.52,-0.92827456
40.53,0.56508791
40.54,0.50525979
40.55,-0.63688454
40.56,0.18318273
40.57,1.9771054
40.58,-0.6637289
40.59,0.31252317
40.6,-0.043877601
40.61,-1.6021793
40.62,0.18864681
40.63,-2.9919854
40.64,-0.31458589
40.65,0.54598638
40.66,-0.13855709
40.67,-0.64146358
40.68,1.2261475
40.69,-0.02131679
40.7,0.50664937
40.71,0.40202909
40.72,0.20928239
40.73,0.5978713
40.74,0.16860904
40.75,-0.91607148
40.76,0.78765887
40.77,0.95047859
40.78,1.374004
40.79,0.84543617
40.8,1.3359952
40.81,0.2245799
40.82,0.010689603
40.83,-1.1631801
40.84,1.4683605
40.85,-0.96015613
40.86,-2.0620752
40.87,-0.66480276
40.88,-0.29919039
40.89,-0.66439446
40.9,-0.3083789
40.91,-0.40085806
40.92,-0.48340309
40.93,-0.87323617
40.94,0.42274287
40.95,-0.52318288
40.96,2.0264477
40.97,0.39538721
40.98,-0.12833239
40.99,-2.8769322
41,1.3407862
41.01,1.3793059
41.02,-0.005925119
41.03,4.1223835
41.04,-1.9184779
41.05,0.73996361
41.06,-0.51974851
41.07,-0.083809807
41.08,2.022606
41.09,-0.11067704
41.1,1.1833233
41.11,0.35571176
41.12,-0.21178382
41.13,0.35652913
41.14,0.97730904
41.15,0.35195549
41.16,0.20390537
41.17,0.93010247
41.18,0.13129272
41.19,-0.63926473
41.2,1.4610161
41.21,-1.6813061
41.22,1.649513
41.23,0.87247896
41.24,0.33070641
41.25,-0.75664915
41.26,-0.02343458
41.27,0.036281464
41.28,-0.37439465
41.29,-2.5165966
41.3,-0.54733746
41.31,0.030045548
41.32,1.2072118
41.33,-0.9605565
41.34,-1.191352
41.35,-0.032793797
41.36,-0.27912686
41.37,0.53161812
41.38,0.248304
41.39,-0.77541949
41.4,-0.4208493
41.41,-0.024554637
41.42,-0.69659573
41.43,0.11661451
41.44,0.41590421
41.45,-0.52498116
41.46,-0.125038
41.47,-0.37207294
41.48,-0.3651632
41.49,-0.73385956
41.5,0.78327585
41.51,0.90378416
41.52,0.62666845
41.53,0.10355797
41.54,-0.23416986
41.55,-1.1508588
41.56,0.6093524
41.57,-0.41777219
41.58,0.62639108
41.59,-0.39727159
41.6,0.83862348
41.61,1.0111766
41.62,-0.44546564
41.63,-0.83780164
41.64,0.04294895
41.65,0.38129593
41.66,-1.0567062
41.67,-0.14337829
41.68,-0.75601343
41.69,-0.66380967
41.7,-0.025934107
41.71,-0.32696068
41.72,-1.0605066
41.73,-1.4319769
41.74,0.3399318
41.75,0.017521356
41.76,-0.47368856
41.77,-1.673432
41.78,-1.7929495
41.79,-0.65617946
41.8,0.93761789
41.81,0.78122338
41.82,0.099808912
41.83,0.068405281
41.84,-0.13540357
41.85,-1.1288136
41.86,-0.20256858
41.87,0.0659969
41.88,-0.79981515
41.89,-0.22001211
41.9,-0.052028813
41.91,0.02169348
41.92,-1.1689217
41.93,0.38317088
41.94,-0.071575881
41.95,0.006045024
41.96,-0.8051095
41.97,0.47681721
41.98,-2.7840876
41.99,-1.3810736
42,-0.095651951
42.01,-0.61475437
42.02,-1.6343506
42.03,-0.35947539
42.04,-0.58580466
42.05,-0.15530526
42.06,0.012873018
42.07,-0.035563504
42.08,-0.31206712
42.09,-0.45364917
42.1,-0.095935993
42.11,0.019208218
42.12,-1.167781
42.13,0.27986466
42.14,-1.1883116
42.15,-0.99610538
42.16,0.19012393
42.17,-0.033413749
42.18,-0.5484442
42.19,-0.4697063
42.2,-1.3323289
42.21,-1.0072662
42.22,-1.0416244
42.23,-0.75959263
42.24,-0.67706118
42.25,-1.1092926
42.26,-0.57081426
42.27,-0.60190878
42.28,-0.11172644
42.29,-0.34837673
42.3,-0.97220193
42.31,-0.39334112
42.32,-0.27998467
42.33,-0.94229159
42.34,-0.18551986
42.35,-0.24621742
42.36,-1.813278
42.37,-0.52722426
42.38,-1.3886076
42.39,-0.40731561
42.4,-1.1521336
42.41,-0.67160942
42.42,-1.6292273
42.43,-1.5453231
42.44,-0.34098914
42.45,-0.28151353
42.46,0.53001196
42.47,-0.54530222
42.48,-0.51934923
42.49,-1.4306507
42.5,0.45951003
42.51,0.50354168
42.52,0.31738954
42.53,-0.013232345
42.54,0.53258567
42.55,-0.64718611
42.56,-0.29145055
42.57,-0.053221908
42.58,-0.11743604
42.59,0.77488914
42.6,0.1931228
42.61,0.67654726
42.62,-0.010212227
42.63,0.28682941
42.64,0.61988355
42.65,0.45169287
42.66,-0.40373301
42.67,0.22170777
42.68,0.16655075
42.69,1.7138627
42.7,-0.1069815
42.71,0.11454226
42.72,-0.009596004
42.73,-0.14911712
42.74,-0.2251127
42.75,0.30191916
42.76,0.16411637
42.77,0.10837649
42.78,0.12489465
42.79,0.58478257
42.8,-0.34866237
42.81,1.1875022
42.82,-0.59682146
42.83,0.78886373
42.84,-1.0581042
42.85,0.66339931
42.86,0.39875294
42.87,0.72224058
42.88,0.011804899
42.89,1.4689674
42.9,0.8692423
42.91,-0.56850099
42.92,0.51968033
42.93,-1.0655365
42.94,1.2814335
42.95,-0.12630984
42.96,1.005775
42.97,0.28128281
42.98,0.41721329
42.99,0.30740632
43,1.1337788
43.01,0.27295153
43.02,0.64778804
43.03,0.103087
43.04,0.82403092
43.05,0.61523092
43.06,1.5874027
43.07,-0.034278753
43.08,0.38552396
43.09,0.17835542
43.1,-0.46944613
43.11,0.94528759
43.12,1.1889547
43.13,1.5050784
43.14,0.27884652
43.15,1.0904651
43.16,0.51709917
43.17,0.54353478
43.18,0.18872645
43.19,-0.52077216
43.2,1.4010537
43.21,1.1032011
43.22,0.80918659
43.23,0.51965696
43.24,1.7600835
43.25,0.47559293
43.26,0.031259542
43.27,0.1417664
43.28,0.8976502
43.29,0.41283191
43.3,0.38025751
43.31,1.7500042
43.32,0.32080175
43.33,1.0154684
43.34,-0.93045955
43.35,0.85867765
43.36,0.81768844
43.37,1.3009152
43.38,0.62867936
43.39,0.35745943
43.4,1.2928222
43.41,1.7119896
43.42,1.0577852
43.43,1.5384482
43.44,0.80993651
43.45,1.3342947
43.46,1.3073205
43.47,0.57320915
43.48,1.0396689
43.49,0.050745916
43.5,0.72388806
43.51,0.54170269
43.52,0.24331642
43.53,0.68394674
43.54,0.67448409
43.55,0.11698597
43.56,-0.27948011
43.57,-0.50560255
43.58,-0.15663677
43.59,-0.39823356
43.6,1.8375746
43.61,0.25535834
43.62,0.37136094
43.63,0.53732641
43.64,0.29843853
43.65,-0.39667308
43.66,-0.55390884
43.67,0.82455579
43.68,1.524654
43.69,0.3274726
43.7,0.76009136
43.71,0.87940096
43.72,1.5376433
43.73,0.83661846
43.74,-0.43964545
43.75,0.76833592
43.76,0.92175946
43.77,-1.9020278
43.78,0.12370197
43.79,-0.96766009
43.8,-1.0998682
43.81,-0.040932725
43.82,-0.47877839
43.83,-0.55835649
43.84,-1.7883867
43.85,-0.87571457
43.86,0.055154632
43.87,-0.10094756
43.88,-0.93679398
43.89,-0.60953684
43.9,-0.52377352
43.91,-0.1358087
43.92,-1.136916
43.93,-0.31687056
43.94,-0.91455031
43.95,-0.27540149
43.96,-0.84878196
43.97,-0.51397527
43.98,-0.63519593
43.99,-0.73549663
44,0.24577051
44.01,-0.2691313
44.02,-0.51360261
44.03,-0.42446212
44.04,-0.49678588
44.05,0.11103458
44.06,-0.47106666
44.07,-0.45623439
44.08,-0.015339027
44.09,-0.30694475
44.1,0.57035687
44.11,0.85631019
44.12,-1.1161139
44.13,-1.777478
44.14,-0.19615861
44.15,-1.9212928
44.16,0.75866893
44.17,1.1422907
44.18,-0.43704659
44.19,-0.34439619
44.2,-1.7668734
44.21,-0.32105011
44.22,-2.0362134
44.23,-0.10651656
44.24,-0.70747189
44.25,-0.75374951
44.26,-0.57673001
44.27,-0.24888062
44.28,-0.90958833
44.29,-0.65324684
44.3,0.026681371
44.31,0.22664436
44.32,-0.44393941
44.33,0.081984754
44.34,-0.78383321
44.35,-0.14780654
44.36,-0.68260996
44.37,0.47197134
44.38,1.0412212
44.39,0.83767179
44.4,-0.36752104
44.41,0.58945848
44.42,0.79298049
44.43,0.8805903
44.44,0.83836871
44.45,-0.75624733
44.46,-0.20601478
44.47,-0.54678098
44.48,1.0081998
44.49,0.8511429
44.5,-1.8671155
44.51,0.44240171
44.52,-1.363529
44.53,-0.21753338
44.54,0.41037708
44.55,0.12624585
44.56,-0.78455715
44.57,0.61549991
44.58,0.28980733
44.59,0.23462153
44.6,-0.71516705
44.61,0.30276404
44.62,0.87156982
44.63,-0.17740729
44.64,0.85205524
44.65,1.3199891
44.66,1.4002659
44.67,-1.7615037
44.68,-0.059474136
44.69,-0.59385531
44.7,-1.1628447
44.71,-0.12854146
44.72,0.081686648
44.73,0.91223752
44.74,0.31290224
44.75,-0.38168693
44.76,0.84048489
44.77,-1.5475142
44.78,-0.87200427
44.79,-1.2203773
44.8,-0.47560057
44.81,-0.33684898
44.82,1.3436382
44.83,0.80329427
44.84,-1.1045635
44.85,-1.5963316
44.86,0.60974755
44.87,-1.2171359
44.88,-1.4675216
44.89,-0.068443299
44.9,-0.061650632
44.91,-1.3988703
44.92,-0.22930176
44.93,-1.2347339
44.94,0.6434981
44.95,-0.18533113
44.96,0.41293989
44.97,0.12830229
44.98,-0.51720154
44.99,-0.95370707
45,0.16492693
45.01,0.62359051
45.02,-0.11556841
45.03,-0.21542331
45.04,-0.88317816
45.05,-0.13839885
45.06,-0.13644335
45.07,0.39760801
45.08,-0.22645743
45.09,-1.0466465
45.1,-1.7854556
45.11,-0.63253766
45.12,0.76655997
45.13,-0.25410225
45.14,-1.0377699
45.15,-1.2232119
45.16,-0.27292671
45.17,0.31164168
45.18,-1.2288577
45.19,-0.85812466
45.2,-1.6478499
45.21,-0.73271557
45.22,0.28092526
45.23,0.17599095
45.24,0.022796535
45.25,-0.30277706
45.26,1.4318017
45.27,-3.1061701
45.28,-0.11831121
45.29,-0.55472207
45.3,-1.1463327
45.31,0.66110449
45.32,0.44004933
45.33,0.23594561
45.34,1.056069
45.35,1.1456958
45.36,0.85190349
45.37,0.50562275
45.38,0.7564014
45.39,0.32349126
45.4,0.95221659
45.41,0.66788854
45.42,0.54171508
45.43,1.0141772
45.44,0.30206131
45.45,0.35558722
45.46,0.57767389
45.47,0.69800804
45.48,0.40531081
45.49,0.99775926
45.5,1.0494045
45.51,0.70305938
45.52,1.242991
45.53,1.2216944
45.54,0.091376738
45.55,1.0091706
45.56,1.133368
45.57,1.0634603
45.58,1.1694292
45.59,0.31341296
45.6,0.27826993
45.61,0.38952014
45.62,0.82111931
45.63,0.70593122
45.64,1.1883797
45.65,0.72307887
45.66,0.95767176
45.67,0.39993116
45.68,1.0271945
45.69,1.0310148
45.7,1.3038186
45.71,1.3239098
45.72,1.0342466
45.73,0.77197958
45.74,1.4980488
45.75,0.62496145
45.76,0.88076811
45.77,0.89446268
45.78,0.8797364
45.79,1.1892044
45.8,1.0126208
45.81,1.0284779
45.82,1.746682
45.83,0.64960894
45.84,1.2507711
45.85,1.9364507
45.86,1.3204374
45.87,1.0529347
45.88,1.3934163
45.89,1.2927236
45.9,1.5089993
45.91,1.7988414
45.92,0.70390907
45.93,1.4390489
45.94,1.8446485
45.95,1.2424235
45.96,1.3522507
45.97,1.5518063
45.98,1.3719564
45.99,0.90156899
46,0.48239897
46.01,1.4255568
46.02,1.5574796
46.03,2.0735662
46.04,1.6323783
46.05,1.8817266
46.06,1.7379344
46.07,2.0360431
46.08,1.5994332
46.09,1.8861256
46.1,1.3871909
46.11,2.1668409
46.12,1.5088619
46.13,1.520497
46.14,1.4127755
46.15,1.7866115
46.16,1.3080921
46.17,1.5013476
46.18,0.76955124
46.19,1.3146815
46.2,0.96451737
46.21,1.2072675
46.22,0.76846827
46.23,0.92945915
46.24,1.0505057
46.25,0.59713464
46.26,0.22807199
46.27,1.0203707
46.28,0.67842525
46.29,0.38421903
46.3,0.45791179
46.31,1.1161322
46.32,0.88249255
46.33,1.1239567
46.34,0.9408416
46.35,0.98263318
46.36,0.74403638
46.37,1.0207429
46.38,0.57543259
46.39,0.72729598
46.4,0.8974552
46.41,0.90500869
46.42,0.98960966
46.43,1.0762466
46.44,0.75540317
46.45,1.1432051
46.46,0.71646328
46.47,0.45901561
46.48,1.0450939
46.49,0.86806156
46.5,0.87312333
46.51,-0.37667288
46.52,-3.3424271
46.53,0.45816524
46.54,0.77073643
46.55,0.8408128
46.56,0.67890974
46.57,1.4338321
46.58,1.1498358
46.59,0.63433801
46.6,0.73004571
46.61,1.180519
46.62,0.38242095
46.63,1.0901797
46.64,1.0624688
46.65,0.99718678
46.66,0.81982432
46.67,0.62166862
46.68,0.945292
46.69,0.56855012
46.7,0.17381757
46.71,0.27048763
46.72,0.030321476
46.73,0.38898925
46.74,0.48842865
46.75,0.72347923
46.76,0.4603397
46.77,-0.1068843
46.78,0.86186527
46.79,0.79002614
46.8,0.024529871
46.81,-0.1096928
46.82,0.035787352
46.83,0.82677043
46.84,0.83795619
46.85,0.69784241
46.86,0.91400901
46.87,0.072587479
46.88,0.83249842
46.89,1.3187887
46.9,0.25591403
46.91,0.69394763
46.92,-0.079178428
46.93,0.45530249
46.94,0.29403604
46.95,1.0439806
46.96,0.36578555
46.97,0.15943586
46.98,-0.85192925
46.99,-0.56701323
47,0.19617576
47.01,-0.034837993
47.02,-2.045264
47.03,-0.62254009
47.04,-1.2423143
47.05,-1.0489234
47.06,-1.5434692
47.07,-0.4289061
47.08,-0.25265893
47.09,0.46646224
47.1,-0.34120121
47.11,-0.31615631
47.12,-0.46594746
47.13,-0.51329789
47.14,0.39065047
47.15,0.50958631
47.16,-0.24179287
47.17,0.27691575
47.18,0.24862126
47.19,0.18993308
47.2,-0.70009607
47.21,-0.48058863
47.22,-1.551231
47.23,-0.82879655
47.24,-0.25557004
47.25,-0.99242408
47.26,-0.01584891
47.27,1.5590371
47.28,0.58523944
47.29,0.75203425
47.3,-0.26352387
47.31,0.30389397
47.32,-0.93162947
47.33,-0.29381886
47.34,-0.82438092
47.35,0.14614053
47.36,0.059472614
47.37,-1.2699684
47.38,0.39910044
47.39,-1.0629879
47.4,-0.53892489
47.41,0.055955445
47.42,-1.0172774
47.43,0.16993925
47.44,-1.9829603
47.45,-0.52642418
47.46,-0.67730705
47.47,-0.61307062
47.48,-1.5759975
47.49,-0.52675851
47.5,0.16789212
47.51,-1.4194674
47.52,-0.079939983
47.53,-1.0765178
47.54,-0.13494322
47.55,0.326843
47.56,0.64204463
47.57,-1.3560128
47.58,-2.227252
47.59,-0.064067236
47.6,1.2825204
47.61,0.33602693
47.62,-0.61423088
47.63,0.35454984
47.64,-0.60007279
47.65,0.33025884
47.66,-2.0109709
47.67,-0.76115944
47.68,0.29498094
47.69,1.963814
47.7,-0.32965912
47.71,-0.77106871
47.72,-1.1187105
47.73,-0.59558704
47.74,-0.97898025
47.75,-0.39569304
47.76,-1.3804033
47.77,-0.13536977
47.78,-0.41749437
47.79,0.36334831
47.8,1.011762
47.81,0.62172112
47.82,1.4038639
47.83,0.98732478
47.84,0.78449737
47.85,1.4533957
47.86,1.7479944
47.87,0.74002489
47.88,1.4382573
47.89,1.4906617
47.9,1.4846755
47.91,0.94567621
47.92,1.2787275
47.93,1.0034404
47.94,1.7518387
47.95,0.71372128
47.96,1.3215708
47.97,1.348988
47.98,1.6768042
47.99,1.6684548
48,0.72969805
48.01,1.4557615
48.02,1.4088469
48.03,1.2775412
48.04,1.5504215
48.05,0.75063905
48.06,1.2278306
48.07,1.5759008
48.08,1.3684214
48.09,1.6083359
48.1,0.52185111
48.11,0.81320336
48.12,1.3356357
48.13,0.57892728
48.14,1.41524
48.15,0.71322785
48.16,1.012499
48.17,0.72616278
48.18,0.88698407
48.19,0.91766918
48.2,1.3809005
48.21,1.5393344
48.22,1.5507363
48.23,1.5547296
48.24,1.6902892
48.25,1.5440064
48.26,1.5018598
48.27,1.3602984
48.28,0.85655859
48.29,-4.7147993
48.3,1.6673271
48.31,0.95575993
48.32,1.6853365
48.33,-0.31922364
48.34,0.88302545
48.35,0.36987521
48.36,0.55986208
48.37,-1.761933
48.38,-1.0499726
48.39,-0.073217754
48.4,-0.2736672
48.41,-0.28932517
48.42,0.40327303
48.43,-0.67881391
48.44,0.97699694
48.45,0.39753412
48.46,0.62911453
48.47,0.8318751
48.48,0.88088641
48.49,-0.27784429
48.5,-0.33428487
48.51,-0.18590803
48.52,0.14965081
48.53,-0.2975831
48.54,-0.97881685
48.55,-0.15352575
48.56,0.45045726
48.57,-0.69076352
48.58,-3.3947195
48.59,-0.58155761
48.6,0.19865145
48.61,-0.46941657
48.62,-0.79002864
48.63,-0.30888644
48.64,-0.23287423
48.65,0.20961218
48.66,0.22593355
48.67,-0.18079926
48.68,0.056637068
48.69,0.22918144
48.7,-0.36572517
48.71,-0.036287529
48.72,-0.37825582
48.73,-0.3917339
48.74,-0.36483731
48.75,-0.50788424
48.76,-0.58343731
48.77,0.081879594
48.78,-0.17096149
48.79,-0.98506256
48.8,-0.20956895
48.81,-0.28216495
48.82,0.3578349
48.83,0.26527353
48.84,0.27821069
48.85,0.33221062
48.86,0.38564049
48.87,-0.83306053
48.88,-0.063440679
48.89,0.11570351
48.9,-0.07182697
48.91,-0.69882074
48.92,-0.93764823
48.93,-0.69481624
48.94,0.1787503
48.95,-0.98892361
48.96,0.124444
48.97,-0.47927334
48.98,-0.11296872
48.99,-1.1057957
49,-0.32332353
49.01,-0.32818793
49.02,0.84090082
49.03,1.2424619
49.04,-0.4164226
49.05,0.55902478
49.06,0.54503878
49.07,0.57948814
49.08,-0.052503472
49.09,-0.033539054
49.1,-0.50521091
49.11,0.37833478
49.12,-0.69677353
49.13,0.9161283
49.14,0.77750705
49.15,-0.1939505
49.16,1.166191
49.17,-0.074888789
49.18,-0.47160028
49.19,-1.3704245
49.2,-0.03784309
49.21,0.070593236
49.22,0.63960805
49.23,1.0991962
49.24,-0.22741336
49.25,0.028378886
49.26,0.54256669
49.27,-0.012095912
49.28,-0.2418012
49.29,0.22322176
49.3,-0.074238432
49.31,0.55274187
49.32,-1.3993239
49.33,0.84052001
49.34,-0.66818171
49.35,0.26414215
49.36,-0.41723216
49.37,0.42042654
49.38,-0.52678394
49.39,-0.30033513
49.4,0.41528524
49.41,-0.73982281
49.42,0.087802344
49.43,0.53785608
49.44,-1.1970529
49.45,0.029474749
49.46,-0.13086829
49.47,-0.20493921
49.48,0.47189179
49.49,-0.9881518
49.5,-0.93300802
49.51,-0.92424395
49.52,-3.5453818
49.53,-0.60223818
49.54,-0.58389896
49.55,-0.65824636
49.56,-0.14140682
49.57,-0.39415462
49.58,-0.84580753
49.59,0.41355596
49.6,-0.079110418
49.61,-0.049929517
49.62,0.13127053
49.63,0.27770355
49.64,-0.05305725
49.65,-0.48104583
49.66,0.55571533
49.67,-0.74108312
49.68,-0.19489412
49.69,0.18322903
49.7,-0.063953906
49.71,-0.91674663
49.72,-0.41521379
49.73,-0.3573149
49.74,-0.081543101
49.75,-0.81539493
49.76,-0.66984104
49.77,-0.24723408
49.78,-0.55601614
49.79,-0.44513568
49.8,-0.61443932
49.81,0.62603489
49.82,-0.19096489
49.83,-0.11716166
49.84,-1.2487388
49.85,0.089044456
49.86,-1.408756
49.87,0.59009714
49.88,-0.4249313
49.89,-1.2885956
49.9,-1.0111683
49.91,-0.39235773
49.92,-0.09702637
49.93,-0.49535116
49.94,0.60855822
49.95,-2.0604019
49.96,-1.1229693
49.97,-0.54770461
49.98,-1.3517791
